representation,split,split_type,model,mae,brier,spearman_rho,kl
wals_s42_A,A_random,A,zero_order_0.5,0.3881195317158137,0.16845700171892558,,0.4313020846576995
wals_s42_A,A_random,A,majority_per_config,0.25993669175115125,0.10607793793218226,0.41696565444513173,0.2995248403366718
wals_s42_A,A_random,A,family_mean,0.19312965103555282,0.08969250969799492,0.6296859882749494,0.27771730973884357
wals_s42_A,A_random,A,mlp,0.3761544901330306,0.1598944601875587,0.34256134290756435,0.41414202942173056
wals_s42_A,family_Afro-Asiatic,family,zero_order_0.5,0.40589239584416476,0.18128385487273885,,0.47373865591463343
wals_s42_A,family_Afro-Asiatic,family,majority_per_config,0.3009372874712773,0.12082067014533728,0.5180727004034962,0.3610646405756865
wals_s42_A,family_Afro-Asiatic,family,family_mean,0.3009372874712773,0.12082067014533728,0.5180727004034962,0.3610646405756865
wals_s42_A,family_Afro-Asiatic,family,mlp,0.22570055030815073,0.07410039260242487,0.7555424215415453,0.2429608167491996
wals_s42_A,family_Indo-European,family,zero_order_0.5,0.3873809995952695,0.16815931160270361,,0.4283678969795859
wals_s42_A,family_Indo-European,family,majority_per_config,0.2972322307517089,0.12448826468195319,0.30676281525356425,0.34136183162417266
wals_s42_A,family_Indo-European,family,family_mean,0.2972322307517089,0.12448826468195319,0.30676281525356425,0.34136183162417266
wals_s42_A,family_Indo-European,family,mlp,0.38672911215764055,0.16843392431037213,-0.3745584618771511,0.42892284339230113
wals_s42_A,family_Uralic,family,zero_order_0.5,0.3498685503244127,0.14509476801241838,,0.3607520632527484
wals_s42_A,family_Uralic,family,majority_per_config,0.2675065062286921,0.12212614797166248,0.29852562217962025,0.31042102437880587
wals_s42_A,family_Uralic,family,family_mean,0.2675065062286921,0.12212614797166248,0.29852562217962025,0.31042102437880587
wals_s42_A,family_Uralic,family,mlp,0.32011900788528014,0.16868865611569508,0.03055478774758649,0.4497968204783326
wals_s42_A,family_Dravidian,family,zero_order_0.5,0.4801244830950946,0.23490214403226817,,0.6372856619416627
wals_s42_A,family_Dravidian,family,majority_per_config,0.5342267399900503,0.34346822194271726,-0.080725831124724,0.8998269710747252
wals_s42_A,family_Dravidian,family,family_mean,0.5342267399900503,0.34346822194271726,-0.080725831124724,0.8998269710747252
wals_s42_A,family_Dravidian,family,mlp,0.41844565007734796,0.2150546793768966,0.0701113473199446,0.5923763911377633
wals_s42_A,value_No_dom_order,value,zero_order_0.5,,,,
wals_s42_A,value_No_dom_order,value,majority_per_config,,,,
wals_s42_A,value_No_dom_order,value,family_mean,,,,
wals_s42_A,value_No_dom_order,value,mlp,,,,
wals_s42_A,value_No_dom_order_VOS_OVS,value,zero_order_0.5,,,,
wals_s42_A,value_No_dom_order_VOS_OVS,value,majority_per_config,,,,
wals_s42_A,value_No_dom_order_VOS_OVS,value,family_mean,,,,
wals_s42_A,value_No_dom_order_VOS_OVS,value,mlp,,,,
wals_s42_B,A_random,A,zero_order_0.5,0.3881195317158137,0.16845700171892558,,0.4313020846576995
wals_s42_B,A_random,A,majority_per_config,0.25993669175115125,0.10607793793218226,0.41696565444513173,0.2995248403366718
wals_s42_B,A_random,A,family_mean,0.19312965103555282,0.08969250969799492,0.6296859882749494,0.27771730973884357
wals_s42_B,A_random,A,mlp,0.3831709624387053,0.1646054732479635,0.42636941194110195,0.42359271775621943
wals_s42_B,family_Afro-Asiatic,family,zero_order_0.5,0.40589239584416476,0.18128385487273885,,0.47373865591463343
wals_s42_B,family_Afro-Asiatic,family,majority_per_config,0.3009372874712773,0.12082067014533728,0.5180727004034962,0.3610646405756865
wals_s42_B,family_Afro-Asiatic,family,family_mean,0.3009372874712773,0.12082067014533728,0.5180727004034962,0.3610646405756865
wals_s42_B,family_Afro-Asiatic,family,mlp,0.27444888044964005,0.11244912868237354,0.5934391034869227,0.33130752740867586
wals_s42_B,family_Indo-European,family,zero_order_0.5,0.3873809995952695,0.16815931160270361,,0.4283678969795859
wals_s42_B,family_Indo-European,family,majority_per_config,0.2972322307517089,0.12448826468195319,0.30676281525356425,0.34136183162417266
wals_s42_B,family_Indo-European,family,family_mean,0.2972322307517089,0.12448826468195319,0.30676281525356425,0.34136183162417266
wals_s42_B,family_Indo-European,family,mlp,0.38290095429809684,0.16528556954763032,-0.06345036231406857,0.4226105933086683
wals_s42_B,family_Uralic,family,zero_order_0.5,0.3498685503244127,0.14509476801241838,,0.3607520632527484
wals_s42_B,family_Uralic,family,majority_per_config,0.2675065062286921,0.12212614797166248,0.29852562217962025,0.31042102437880587
wals_s42_B,family_Uralic,family,family_mean,0.2675065062286921,0.12212614797166248,0.29852562217962025,0.31042102437880587
wals_s42_B,family_Uralic,family,mlp,0.3213058144712554,0.16823492915415633,0.02753931020552861,0.44594152665833464
wals_s42_B,family_Dravidian,family,zero_order_0.5,0.4801244830950946,0.23490214403226817,,0.6372856619416627
wals_s42_B,family_Dravidian,family,majority_per_config,0.5342267399900503,0.34346822194271726,-0.080725831124724,0.8998269710747252
wals_s42_B,family_Dravidian,family,family_mean,0.5342267399900503,0.34346822194271726,-0.080725831124724,0.8998269710747252
wals_s42_B,family_Dravidian,family,mlp,0.5631173295517614,0.3785531403548348,-0.051113433852604764,1.0073851684847825
wals_s42_B,value_No_dom_order,value,zero_order_0.5,,,,
wals_s42_B,value_No_dom_order,value,majority_per_config,,,,
wals_s42_B,value_No_dom_order,value,family_mean,,,,
wals_s42_B,value_No_dom_order,value,mlp,,,,
wals_s42_B,value_No_dom_order_VOS_OVS,value,zero_order_0.5,,,,
wals_s42_B,value_No_dom_order_VOS_OVS,value,majority_per_config,,,,
wals_s42_B,value_No_dom_order_VOS_OVS,value,family_mean,,,,
wals_s42_B,value_No_dom_order_VOS_OVS,value,mlp,,,,
wals_s42_C,A_random,A,zero_order_0.5,0.3881195317158137,0.16845700171892558,,0.4313020846576995
wals_s42_C,A_random,A,majority_per_config,0.25993669175115125,0.10607793793218226,0.41696565444513173,0.2995248403366718
wals_s42_C,A_random,A,family_mean,0.19312965103555282,0.08969250969799492,0.6296859882749494,0.27771730973884357
wals_s42_C,A_random,A,mlp,0.3659550222952201,0.1585884324352272,0.28401672235607617,0.4113456833440864
wals_s42_C,family_Afro-Asiatic,family,zero_order_0.5,0.40589239584416476,0.18128385487273885,,0.47373865591463343
wals_s42_C,family_Afro-Asiatic,family,majority_per_config,0.3009372874712773,0.12082067014533728,0.5180727004034962,0.3610646405756865
wals_s42_C,family_Afro-Asiatic,family,family_mean,0.3009372874712773,0.12082067014533728,0.5180727004034962,0.3610646405756865
wals_s42_C,family_Afro-Asiatic,family,mlp,0.2544959494299636,0.0967163471033441,0.7625049619481075,0.2834989624632855
wals_s42_C,family_Indo-European,family,zero_order_0.5,0.3873809995952695,0.16815931160270361,,0.4283678969795859
wals_s42_C,family_Indo-European,family,majority_per_config,0.2972322307517089,0.12448826468195319,0.30676281525356425,0.34136183162417266
wals_s42_C,family_Indo-European,family,family_mean,0.2972322307517089,0.12448826468195319,0.30676281525356425,0.34136183162417266
wals_s42_C,family_Indo-European,family,mlp,0.387277312895563,0.16822488128292173,-0.21286713532687657,0.4284990509317315
wals_s42_C,family_Uralic,family,zero_order_0.5,0.3498685503244127,0.14509476801241838,,0.3607520632527484
wals_s42_C,family_Uralic,family,majority_per_config,0.2675065062286921,0.12212614797166248,0.29852562217962025,0.31042102437880587
wals_s42_C,family_Uralic,family,family_mean,0.2675065062286921,0.12212614797166248,0.29852562217962025,0.31042102437880587
wals_s42_C,family_Uralic,family,mlp,0.2951198479182294,0.13823194530108668,0.2639158252880658,0.35649863187452036
wals_s42_C,family_Dravidian,family,zero_order_0.5,0.4801244830950946,0.23490214403226817,,0.6372856619416627
wals_s42_C,family_Dravidian,family,majority_per_config,0.5342267399900503,0.34346822194271726,-0.080725831124724,0.8998269710747252
wals_s42_C,family_Dravidian,family,family_mean,0.5342267399900503,0.34346822194271726,-0.080725831124724,0.8998269710747252
wals_s42_C,family_Dravidian,family,mlp,0.26364431861687204,0.08157697506483577,0.5075156883417925,0.30275517280349085
wals_s42_C,value_No_dom_order,value,zero_order_0.5,,,,
wals_s42_C,value_No_dom_order,value,majority_per_config,,,,
wals_s42_C,value_No_dom_order,value,family_mean,,,,
wals_s42_C,value_No_dom_order,value,mlp,,,,
wals_s42_C,value_No_dom_order_VOS_OVS,value,zero_order_0.5,,,,
wals_s42_C,value_No_dom_order_VOS_OVS,value,majority_per_config,,,,
wals_s42_C,value_No_dom_order_VOS_OVS,value,family_mean,,,,
wals_s42_C,value_No_dom_order_VOS_OVS,value,mlp,,,,
wals_s42_B_masked30,A_random,A,zero_order_0.5,0.3881195317158137,0.16845700171892558,,0.4313020846576995
wals_s42_B_masked30,A_random,A,majority_per_config,0.25993669175115125,0.10607793793218226,0.41696565444513173,0.2995248403366718
wals_s42_B_masked30,A_random,A,family_mean,0.19312965103555282,0.08969250969799492,0.6296859882749494,0.27771730973884357
wals_s42_B_masked30,A_random,A,mlp,0.3807540501851871,0.16247680997349678,0.38388661265514107,0.4193329918641031
wals_s42_B_masked30,family_Afro-Asiatic,family,zero_order_0.5,0.40589239584416476,0.18128385487273885,,0.47373865591463343
wals_s42_B_masked30,family_Afro-Asiatic,family,majority_per_config,0.3009372874712773,0.12082067014533728,0.5180727004034962,0.3610646405756865
wals_s42_B_masked30,family_Afro-Asiatic,family,family_mean,0.3009372874712773,0.12082067014533728,0.5180727004034962,0.3610646405756865
wals_s42_B_masked30,family_Afro-Asiatic,family,mlp,0.2829254696818127,0.10048661199580995,0.7442229540094043,0.2993341460672453
wals_s42_B_masked30,family_Indo-European,family,zero_order_0.5,0.3873809995952695,0.16815931160270361,,0.4283678969795859
wals_s42_B_masked30,family_Indo-European,family,majority_per_config,0.2972322307517089,0.12448826468195319,0.30676281525356425,0.34136183162417266
wals_s42_B_masked30,family_Indo-European,family,family_mean,0.2972322307517089,0.12448826468195319,0.30676281525356425,0.34136183162417266
wals_s42_B_masked30,family_Indo-European,family,mlp,0.3894797854580297,0.1708753086359923,-0.42046240887559655,0.4338073541287386
wals_s42_B_masked30,family_Uralic,family,zero_order_0.5,0.3498685503244127,0.14509476801241838,,0.3607520632527484
wals_s42_B_masked30,family_Uralic,family,majority_per_config,0.2675065062286921,0.12212614797166248,0.29852562217962025,0.31042102437880587
wals_s42_B_masked30,family_Uralic,family,family_mean,0.2675065062286921,0.12212614797166248,0.29852562217962025,0.31042102437880587
wals_s42_B_masked30,family_Uralic,family,mlp,0.328443511535549,0.17438016373318752,0.008154097435156516,0.4485105504104858
wals_s42_B_masked30,family_Dravidian,family,zero_order_0.5,0.4801244830950946,0.23490214403226817,,0.6372856619416627
wals_s42_B_masked30,family_Dravidian,family,majority_per_config,0.5342267399900503,0.34346822194271726,-0.080725831124724,0.8998269710747252
wals_s42_B_masked30,family_Dravidian,family,family_mean,0.5342267399900503,0.34346822194271726,-0.080725831124724,0.8998269710747252
wals_s42_B_masked30,family_Dravidian,family,mlp,0.5302381179223309,0.3307464620029303,0.031210857839201144,0.8898594715932449
wals_s42_B_masked30,value_No_dom_order,value,zero_order_0.5,,,,
wals_s42_B_masked30,value_No_dom_order,value,majority_per_config,,,,
wals_s42_B_masked30,value_No_dom_order,value,family_mean,,,,
wals_s42_B_masked30,value_No_dom_order,value,mlp,,,,
wals_s42_B_masked30,value_No_dom_order_VOS_OVS,value,zero_order_0.5,,,,
wals_s42_B_masked30,value_No_dom_order_VOS_OVS,value,majority_per_config,,,,
wals_s42_B_masked30,value_No_dom_order_VOS_OVS,value,family_mean,,,,
wals_s42_B_masked30,value_No_dom_order_VOS_OVS,value,mlp,,,,
wals_s42_B_masked50,A_random,A,zero_order_0.5,0.3881195317158137,0.16845700171892558,,0.4313020846576995
wals_s42_B_masked50,A_random,A,majority_per_config,0.25993669175115125,0.10607793793218226,0.41696565444513173,0.2995248403366718
wals_s42_B_masked50,A_random,A,family_mean,0.19312965103555282,0.08969250969799492,0.6296859882749494,0.27771730973884357
wals_s42_B_masked50,A_random,A,mlp,0.38086498241365296,0.16276486698244255,0.42248540391458106,0.41991088838380586
wals_s42_B_masked50,family_Afro-Asiatic,family,zero_order_0.5,0.40589239584416476,0.18128385487273885,,0.47373865591463343
wals_s42_B_masked50,family_Afro-Asiatic,family,majority_per_config,0.3009372874712773,0.12082067014533728,0.5180727004034962,0.3610646405756865
wals_s42_B_masked50,family_Afro-Asiatic,family,family_mean,0.3009372874712773,0.12082067014533728,0.5180727004034962,0.3610646405756865
wals_s42_B_masked50,family_Afro-Asiatic,family,mlp,0.22919396237671372,0.07726894649963766,0.8022726007119687,0.24160136241929348
wals_s42_B_masked50,family_Indo-European,family,zero_order_0.5,0.3873809995952695,0.16815931160270361,,0.4283678969795859
wals_s42_B_masked50,family_Indo-European,family,majority_per_config,0.2972322307517089,0.12448826468195319,0.30676281525356425,0.34136183162417266
wals_s42_B_masked50,family_Indo-European,family,family_mean,0.2972322307517089,0.12448826468195319,0.30676281525356425,0.34136183162417266
wals_s42_B_masked50,family_Indo-European,family,mlp,0.3785271992127559,0.16289641089843063,-0.16195268576156993,0.41781908768323167
wals_s42_B_masked50,family_Uralic,family,zero_order_0.5,0.3498685503244127,0.14509476801241838,,0.3607520632527484
wals_s42_B_masked50,family_Uralic,family,majority_per_config,0.2675065062286921,0.12212614797166248,0.29852562217962025,0.31042102437880587
wals_s42_B_masked50,family_Uralic,family,family_mean,0.2675065062286921,0.12212614797166248,0.29852562217962025,0.31042102437880587
wals_s42_B_masked50,family_Uralic,family,mlp,0.29373373842709555,0.1560051248814629,0.13332718560955917,0.40688017619626815
wals_s42_B_masked50,family_Dravidian,family,zero_order_0.5,0.4801244830950946,0.23490214403226817,,0.6372856619416627
wals_s42_B_masked50,family_Dravidian,family,majority_per_config,0.5342267399900503,0.34346822194271726,-0.080725831124724,0.8998269710747252
wals_s42_B_masked50,family_Dravidian,family,family_mean,0.5342267399900503,0.34346822194271726,-0.080725831124724,0.8998269710747252
wals_s42_B_masked50,family_Dravidian,family,mlp,0.5553571149324229,0.3589710986913883,-0.012212944371861316,0.9247990411987382
wals_s42_B_masked50,value_No_dom_order,value,zero_order_0.5,,,,
wals_s42_B_masked50,value_No_dom_order,value,majority_per_config,,,,
wals_s42_B_masked50,value_No_dom_order,value,family_mean,,,,
wals_s42_B_masked50,value_No_dom_order,value,mlp,,,,
wals_s42_B_masked50,value_No_dom_order_VOS_OVS,value,zero_order_0.5,,,,
wals_s42_B_masked50,value_No_dom_order_VOS_OVS,value,majority_per_config,,,,
wals_s42_B_masked50,value_No_dom_order_VOS_OVS,value,family_mean,,,,
wals_s42_B_masked50,value_No_dom_order_VOS_OVS,value,mlp,,,,
grambank_s42_A,A_random,A,zero_order_0.5,0.3881195317158137,0.16845700171892558,,0.4313020846576995
grambank_s42_A,A_random,A,majority_per_config,0.25993669175115125,0.10607793793218226,0.41696565444513173,0.2995248403366718
grambank_s42_A,A_random,A,family_mean,0.19312965103555282,0.08969250969799492,0.6296859882749494,0.27771730973884357
grambank_s42_A,A_random,A,mlp,0.38332872496865467,0.16484805249845302,0.35605634680069387,0.42407895703178966
grambank_s42_A,family_Afro-Asiatic,family,zero_order_0.5,0.40589239584416476,0.18128385487273885,,0.47373865591463343
grambank_s42_A,family_Afro-Asiatic,family,majority_per_config,0.3009372874712773,0.12082067014533728,0.5180727004034962,0.3610646405756865
grambank_s42_A,family_Afro-Asiatic,family,family_mean,0.3009372874712773,0.12082067014533728,0.5180727004034962,0.3610646405756865
grambank_s42_A,family_Afro-Asiatic,family,mlp,0.2326916622754297,0.08047498598162534,0.8173937007360362,0.24899190869935153
grambank_s42_A,family_Indo-European,family,zero_order_0.5,0.3873809995952695,0.16815931160270361,,0.4283678969795859
grambank_s42_A,family_Indo-European,family,majority_per_config,0.2972322307517089,0.12448826468195319,0.30676281525356425,0.34136183162417266
grambank_s42_A,family_Indo-European,family,family_mean,0.2972322307517089,0.12448826468195319,0.30676281525356425,0.34136183162417266
grambank_s42_A,family_Indo-European,family,mlp,0.37831743363276565,0.1617507999850567,0.1589626492192142,0.415529070917665
grambank_s42_A,family_Uralic,family,zero_order_0.5,0.3498685503244127,0.14509476801241838,,0.3607520632527484
grambank_s42_A,family_Uralic,family,majority_per_config,0.2675065062286921,0.12212614797166248,0.29852562217962025,0.31042102437880587
grambank_s42_A,family_Uralic,family,family_mean,0.2675065062286921,0.12212614797166248,0.29852562217962025,0.31042102437880587
grambank_s42_A,family_Uralic,family,mlp,0.3089017668703812,0.1479500162618885,-0.008831041373169509,0.3842085772151184
grambank_s42_A,family_Dravidian,family,zero_order_0.5,0.4801244830950946,0.23490214403226817,,0.6372856619416627
grambank_s42_A,family_Dravidian,family,majority_per_config,0.5342267399900503,0.34346822194271726,-0.080725831124724,0.8998269710747252
grambank_s42_A,family_Dravidian,family,family_mean,0.5342267399900503,0.34346822194271726,-0.080725831124724,0.8998269710747252
grambank_s42_A,family_Dravidian,family,mlp,0.5256523988758376,0.3282868161529399,-0.11534447462313467,0.8739050257022528
grambank_s42_A,value_No_dom_order,value,zero_order_0.5,,,,
grambank_s42_A,value_No_dom_order,value,majority_per_config,,,,
grambank_s42_A,value_No_dom_order,value,family_mean,,,,
grambank_s42_A,value_No_dom_order,value,mlp,,,,
grambank_s42_A,value_No_dom_order_VOS_OVS,value,zero_order_0.5,,,,
grambank_s42_A,value_No_dom_order_VOS_OVS,value,majority_per_config,,,,
grambank_s42_A,value_No_dom_order_VOS_OVS,value,family_mean,,,,
grambank_s42_A,value_No_dom_order_VOS_OVS,value,mlp,,,,
grambank_s42_B,A_random,A,zero_order_0.5,0.3881195317158137,0.16845700171892558,,0.4313020846576995
grambank_s42_B,A_random,A,majority_per_config,0.25993669175115125,0.10607793793218226,0.41696565444513173,0.2995248403366718
grambank_s42_B,A_random,A,family_mean,0.19312965103555282,0.08969250969799492,0.6296859882749494,0.27771730973884357
grambank_s42_B,A_random,A,mlp,0.37334374072144766,0.15785986279688297,0.43882091322868194,0.4100264540387582
grambank_s42_B,family_Afro-Asiatic,family,zero_order_0.5,0.40589239584416476,0.18128385487273885,,0.47373865591463343
grambank_s42_B,family_Afro-Asiatic,family,majority_per_config,0.3009372874712773,0.12082067014533728,0.5180727004034962,0.3610646405756865
grambank_s42_B,family_Afro-Asiatic,family,family_mean,0.3009372874712773,0.12082067014533728,0.5180727004034962,0.3610646405756865
grambank_s42_B,family_Afro-Asiatic,family,mlp,0.2970562235974722,0.11198753041600737,0.7868097809133461,0.3264062430008497
grambank_s42_B,family_Indo-European,family,zero_order_0.5,0.3873809995952695,0.16815931160270361,,0.4283678969795859
grambank_s42_B,family_Indo-European,family,majority_per_config,0.2972322307517089,0.12448826468195319,0.30676281525356425,0.34136183162417266
grambank_s42_B,family_Indo-European,family,family_mean,0.2972322307517089,0.12448826468195319,0.30676281525356425,0.34136183162417266
grambank_s42_B,family_Indo-European,family,mlp,0.38930653347125993,0.1706235776435885,-0.25345592121090876,0.433300744984133
grambank_s42_B,family_Uralic,family,zero_order_0.5,0.3498685503244127,0.14509476801241838,,0.3607520632527484
grambank_s42_B,family_Uralic,family,majority_per_config,0.2675065062286921,0.12212614797166248,0.29852562217962025,0.31042102437880587
grambank_s42_B,family_Uralic,family,family_mean,0.2675065062286921,0.12212614797166248,0.29852562217962025,0.31042102437880587
grambank_s42_B,family_Uralic,family,mlp,0.3284261175354811,0.17733624436943352,0.01529277896329354,0.4792521912199153
grambank_s42_B,family_Dravidian,family,zero_order_0.5,0.4801244830950946,0.23490214403226817,,0.6372856619416627
grambank_s42_B,family_Dravidian,family,majority_per_config,0.5342267399900503,0.34346822194271726,-0.080725831124724,0.8998269710747252
grambank_s42_B,family_Dravidian,family,family_mean,0.5342267399900503,0.34346822194271726,-0.080725831124724,0.8998269710747252
grambank_s42_B,family_Dravidian,family,mlp,0.5328001133714965,0.3489844040415883,-0.20309674159132338,0.9160312975798597
grambank_s42_B,value_No_dom_order,value,zero_order_0.5,,,,
grambank_s42_B,value_No_dom_order,value,majority_per_config,,,,
grambank_s42_B,value_No_dom_order,value,family_mean,,,,
grambank_s42_B,value_No_dom_order,value,mlp,,,,
grambank_s42_B,value_No_dom_order_VOS_OVS,value,zero_order_0.5,,,,
grambank_s42_B,value_No_dom_order_VOS_OVS,value,majority_per_config,,,,
grambank_s42_B,value_No_dom_order_VOS_OVS,value,family_mean,,,,
grambank_s42_B,value_No_dom_order_VOS_OVS,value,mlp,,,,
grambank_s42_C,A_random,A,zero_order_0.5,0.3881195317158137,0.16845700171892558,,0.4313020846576995
grambank_s42_C,A_random,A,majority_per_config,0.25993669175115125,0.10607793793218226,0.41696565444513173,0.2995248403366718
grambank_s42_C,A_random,A,family_mean,0.19312965103555282,0.08969250969799492,0.6296859882749494,0.27771730973884357
grambank_s42_C,A_random,A,mlp,0.36381313087533257,0.15499675006650324,0.48700491179800043,0.4040030114303228
grambank_s42_C,family_Afro-Asiatic,family,zero_order_0.5,0.40589239584416476,0.18128385487273885,,0.47373865591463343
grambank_s42_C,family_Afro-Asiatic,family,majority_per_config,0.3009372874712773,0.12082067014533728,0.5180727004034962,0.3610646405756865
grambank_s42_C,family_Afro-Asiatic,family,family_mean,0.3009372874712773,0.12082067014533728,0.5180727004034962,0.3610646405756865
grambank_s42_C,family_Afro-Asiatic,family,mlp,0.2581669602655943,0.10920022455978785,0.6872411816023248,0.32339951809867107
grambank_s42_C,family_Indo-European,family,zero_order_0.5,0.3873809995952695,0.16815931160270361,,0.4283678969795859
grambank_s42_C,family_Indo-European,family,majority_per_config,0.2972322307517089,0.12448826468195319,0.30676281525356425,0.34136183162417266
grambank_s42_C,family_Indo-European,family,family_mean,0.2972322307517089,0.12448826468195319,0.30676281525356425,0.34136183162417266
grambank_s42_C,family_Indo-European,family,mlp,0.37623049269241204,0.16081562288433607,0.0881160527578754,0.4136423585776999
grambank_s42_C,family_Uralic,family,zero_order_0.5,0.3498685503244127,0.14509476801241838,,0.3607520632527484
grambank_s42_C,family_Uralic,family,majority_per_config,0.2675065062286921,0.12212614797166248,0.29852562217962025,0.31042102437880587
grambank_s42_C,family_Uralic,family,family_mean,0.2675065062286921,0.12212614797166248,0.29852562217962025,0.31042102437880587
grambank_s42_C,family_Uralic,family,mlp,0.3250487023952883,0.14878708667435847,0.029877843809573493,0.3740161089459193
grambank_s42_C,family_Dravidian,family,zero_order_0.5,0.4801244830950946,0.23490214403226817,,0.6372856619416627
grambank_s42_C,family_Dravidian,family,majority_per_config,0.5342267399900503,0.34346822194271726,-0.080725831124724,0.8998269710747252
grambank_s42_C,family_Dravidian,family,family_mean,0.5342267399900503,0.34346822194271726,-0.080725831124724,0.8998269710747252
grambank_s42_C,family_Dravidian,family,mlp,0.4170487692817897,0.18417737831551864,0.3066806031156286,0.5313164306066481
grambank_s42_C,value_No_dom_order,value,zero_order_0.5,,,,
grambank_s42_C,value_No_dom_order,value,majority_per_config,,,,
grambank_s42_C,value_No_dom_order,value,family_mean,,,,
grambank_s42_C,value_No_dom_order,value,mlp,,,,
grambank_s42_C,value_No_dom_order_VOS_OVS,value,zero_order_0.5,,,,
grambank_s42_C,value_No_dom_order_VOS_OVS,value,majority_per_config,,,,
grambank_s42_C,value_No_dom_order_VOS_OVS,value,family_mean,,,,
grambank_s42_C,value_No_dom_order_VOS_OVS,value,mlp,,,,
grambank_s42_B_masked30,A_random,A,zero_order_0.5,0.3881195317158137,0.16845700171892558,,0.4313020846576995
grambank_s42_B_masked30,A_random,A,majority_per_config,0.25993669175115125,0.10607793793218226,0.41696565444513173,0.2995248403366718
grambank_s42_B_masked30,A_random,A,family_mean,0.19312965103555282,0.08969250969799492,0.6296859882749494,0.27771730973884357
grambank_s42_B_masked30,A_random,A,mlp,0.3755353226710393,0.15840954345221367,0.4364604321067366,0.41113303170332804
grambank_s42_B_masked30,family_Afro-Asiatic,family,zero_order_0.5,0.40589239584416476,0.18128385487273885,,0.47373865591463343
grambank_s42_B_masked30,family_Afro-Asiatic,family,majority_per_config,0.3009372874712773,0.12082067014533728,0.5180727004034962,0.3610646405756865
grambank_s42_B_masked30,family_Afro-Asiatic,family,family_mean,0.3009372874712773,0.12082067014533728,0.5180727004034962,0.3610646405756865
grambank_s42_B_masked30,family_Afro-Asiatic,family,mlp,0.28069915818974195,0.1032202640153032,0.6552903826814138,0.3044991989190644
grambank_s42_B_masked30,family_Indo-European,family,zero_order_0.5,0.3873809995952695,0.16815931160270361,,0.4283678969795859
grambank_s42_B_masked30,family_Indo-European,family,majority_per_config,0.2972322307517089,0.12448826468195319,0.30676281525356425,0.34136183162417266
grambank_s42_B_masked30,family_Indo-European,family,family_mean,0.2972322307517089,0.12448826468195319,0.30676281525356425,0.34136183162417266
grambank_s42_B_masked30,family_Indo-European,family,mlp,0.37459738510397944,0.1600303983910831,0.11960998205856127,0.4120502685925816
grambank_s42_B_masked30,family_Uralic,family,zero_order_0.5,0.3498685503244127,0.14509476801241838,,0.3607520632527484
grambank_s42_B_masked30,family_Uralic,family,majority_per_config,0.2675065062286921,0.12212614797166248,0.29852562217962025,0.31042102437880587
grambank_s42_B_masked30,family_Uralic,family,family_mean,0.2675065062286921,0.12212614797166248,0.29852562217962025,0.31042102437880587
grambank_s42_B_masked30,family_Uralic,family,mlp,0.31018490502902124,0.14138556089657445,0.22329918900728618,0.35718667679330574
grambank_s42_B_masked30,family_Dravidian,family,zero_order_0.5,0.4801244830950946,0.23490214403226817,,0.6372856619416627
grambank_s42_B_masked30,family_Dravidian,family,majority_per_config,0.5342267399900503,0.34346822194271726,-0.080725831124724,0.8998269710747252
grambank_s42_B_masked30,family_Dravidian,family,family_mean,0.5342267399900503,0.34346822194271726,-0.080725831124724,0.8998269710747252
grambank_s42_B_masked30,family_Dravidian,family,mlp,0.5509641768649072,0.367674130714331,-0.1338900568174426,1.0029650890744457
grambank_s42_B_masked30,value_No_dom_order,value,zero_order_0.5,,,,
grambank_s42_B_masked30,value_No_dom_order,value,majority_per_config,,,,
grambank_s42_B_masked30,value_No_dom_order,value,family_mean,,,,
grambank_s42_B_masked30,value_No_dom_order,value,mlp,,,,
grambank_s42_B_masked30,value_No_dom_order_VOS_OVS,value,zero_order_0.5,,,,
grambank_s42_B_masked30,value_No_dom_order_VOS_OVS,value,majority_per_config,,,,
grambank_s42_B_masked30,value_No_dom_order_VOS_OVS,value,family_mean,,,,
grambank_s42_B_masked30,value_No_dom_order_VOS_OVS,value,mlp,,,,
grambank_s42_B_masked50,A_random,A,zero_order_0.5,0.3881195317158137,0.16845700171892558,,0.4313020846576995
grambank_s42_B_masked50,A_random,A,majority_per_config,0.25993669175115125,0.10607793793218226,0.41696565444513173,0.2995248403366718
grambank_s42_B_masked50,A_random,A,family_mean,0.19312965103555282,0.08969250969799492,0.6296859882749494,0.27771730973884357
grambank_s42_B_masked50,A_random,A,mlp,0.3809317331213786,0.163392324138366,0.026907433472007462,0.4211511733971259
grambank_s42_B_masked50,family_Afro-Asiatic,family,zero_order_0.5,0.40589239584416476,0.18128385487273885,,0.47373865591463343
grambank_s42_B_masked50,family_Afro-Asiatic,family,majority_per_config,0.3009372874712773,0.12082067014533728,0.5180727004034962,0.3610646405756865
grambank_s42_B_masked50,family_Afro-Asiatic,family,family_mean,0.3009372874712773,0.12082067014533728,0.5180727004034962,0.3610646405756865
grambank_s42_B_masked50,family_Afro-Asiatic,family,mlp,0.26751284790860635,0.09745714139817166,0.8144463676804977,0.2890543254349897
grambank_s42_B_masked50,family_Indo-European,family,zero_order_0.5,0.3873809995952695,0.16815931160270361,,0.4283678969795859
grambank_s42_B_masked50,family_Indo-European,family,majority_per_config,0.2972322307517089,0.12448826468195319,0.30676281525356425,0.34136183162417266
grambank_s42_B_masked50,family_Indo-European,family,family_mean,0.2972322307517089,0.12448826468195319,0.30676281525356425,0.34136183162417266
grambank_s42_B_masked50,family_Indo-European,family,mlp,0.3790624339212204,0.16335263696555768,-0.12323740551098251,0.4187313177409728
grambank_s42_B_masked50,family_Uralic,family,zero_order_0.5,0.3498685503244127,0.14509476801241838,,0.3607520632527484
grambank_s42_B_masked50,family_Uralic,family,majority_per_config,0.2675065062286921,0.12212614797166248,0.29852562217962025,0.31042102437880587
grambank_s42_B_masked50,family_Uralic,family,family_mean,0.2675065062286921,0.12212614797166248,0.29852562217962025,0.31042102437880587
grambank_s42_B_masked50,family_Uralic,family,mlp,0.3077532982892895,0.15358516484641732,0.07043293973235194,0.40154510134478455
grambank_s42_B_masked50,family_Dravidian,family,zero_order_0.5,0.4801244830950946,0.23490214403226817,,0.6372856619416627
grambank_s42_B_masked50,family_Dravidian,family,majority_per_config,0.5342267399900503,0.34346822194271726,-0.080725831124724,0.8998269710747252
grambank_s42_B_masked50,family_Dravidian,family,family_mean,0.5342267399900503,0.34346822194271726,-0.080725831124724,0.8998269710747252
grambank_s42_B_masked50,family_Dravidian,family,mlp,0.5472688962633262,0.35493277767687187,-0.21304802959802518,0.9396173211379635
grambank_s42_B_masked50,value_No_dom_order,value,zero_order_0.5,,,,
grambank_s42_B_masked50,value_No_dom_order,value,majority_per_config,,,,
grambank_s42_B_masked50,value_No_dom_order,value,family_mean,,,,
grambank_s42_B_masked50,value_No_dom_order,value,mlp,,,,
grambank_s42_B_masked50,value_No_dom_order_VOS_OVS,value,zero_order_0.5,,,,
grambank_s42_B_masked50,value_No_dom_order_VOS_OVS,value,majority_per_config,,,,
grambank_s42_B_masked50,value_No_dom_order_VOS_OVS,value,family_mean,,,,
grambank_s42_B_masked50,value_No_dom_order_VOS_OVS,value,mlp,,,,
