config,protocol,family,metric,bin_mean,bin_sd,cat_mean,cat_sd,delta,delta_sd,wins,n_seeds,t,p
A,cell,softimpute,cell_F1,0.9161910380059437,0.0041206226433123825,0.8979740875961795,0.005095698138294569,-0.018216950409764187,0.0034432548006555893,0,5,-11.830184467097709,0.00029226426602794694
A,cell,softimpute,group_acc,0.9619042322843754,0.0025326988572460475,0.9730185109317466,0.0017312703143278416,0.01111427864737129,0.0025711365459164214,5,5,9.665874267108832,0.0006409378694553607
A,cell,softimpute,exact_profile,0.9402948790983094,0.0020464719958514,0.927754882037026,0.0030806199005848052,-0.012539997061283592,0.0021059895886671688,0,5,-13.314541542640647,0.0001839451533358644
A,cell,softimpute,validity,0.9628604984992822,0.0032736333794424473,0.9917786767584499,0.0005137679677678862,0.028918178259167426,0.0030972128330630988,5,5,20.87780719576966,3.110272068802021e-05
A,cell,knn,cell_F1,0.8245685979212393,0.0035215619273148255,0.8497304235002675,0.004702839484478598,0.025161825579028286,0.0040053878922106535,5,5,14.046967221855578,0.00014903502316116165
A,cell,knn,group_acc,0.898439043806883,0.003860395061570248,0.9402638042916465,0.0024937984529192817,0.04182476048476336,0.0029976371410572558,5,5,31.198908735695973,6.289628221750565e-06
A,cell,knn,exact_profile,0.8778071662894057,0.0039039833171687862,0.8967357221213152,0.0031743715915273666,0.018928555831909423,0.0031924753059311734,5,5,13.257906013372951,0.00018704952550837475
A,cell,knn,validity,0.949001696463526,0.0021191233620342694,0.9917786767584499,0.0005137679677678862,0.04277698029492374,0.0018897327500164887,5,5,50.61680590061419,9.116813797658138e-07
A,cell,mf,cell_F1,0.8900528025282262,0.004666922955730441,0.03442379522238942,0.004658526861343897,-0.8556290073058366,0.00893114615029539,0,5,-214.22162303247447,2.848622764735597e-09
A,cell,mf,group_acc,0.9329392344559974,0.001756773756717356,0.6539169621721025,0.009911634611311686,-0.27902227228389487,0.010531404106462847,0,5,-59.24307544901496,4.861568241757336e-07
A,cell,mf,exact_profile,0.9181564287847497,0.0021598237564002397,0.623905427422482,0.00942363087234211,-0.29425100136226773,0.01021964202040991,0,5,-64.38241576166509,3.4864545875179895e-07
A,cell,mf,validity,0.9410674670494584,0.001978227280348349,0.9917786767584499,0.0005137679677678862,0.0507112097089913,0.0018969283314984153,5,5,59.777541537892624,4.690177068156302e-07
A,group,softimpute,cell_F1,0.8355212783425007,0.0020599611244257157,0.8348235637548264,0.0033951094379825477,-0.0006977145876744695,0.0020422714089936723,1,5,-0.7639225815251007,0.48748755456448245
A,group,softimpute,group_acc,0.8156017749240068,0.0033695688084795835,0.8574790288594543,0.003398935793551124,0.04187725393544757,0.0030976961770968607,5,5,30.2290415706425,7.133323738605178e-06
A,group,softimpute,exact_profile,0.7865511132433449,0.0020067433166733165,0.8089326227956066,0.00392163417876065,0.022381509552261723,0.00266428305115492,5,5,18.784256716351432,4.7294859060690285e-05
A,group,softimpute,validity,0.9608769411457654,0.00254117947428177,1.0,0.0,0.039123058854234574,0.00254117947428177,5,5,34.42567515248765,4.247978413263704e-06
A,group,knn,cell_F1,0.7810723564745446,0.004468869251985994,0.780925718425219,0.003167998500234343,-0.0001466380493255981,0.0024187743046606464,1,5,-0.13556148903525242,0.898716265055938
A,group,knn,group_acc,0.7710408941497484,0.0068396272815273605,0.7975850331449713,0.004393780959730246,0.026544138995222878,0.003144889974475892,5,5,18.87331502190724,4.641663681976983e-05
A,group,knn,exact_profile,0.7350090523152975,0.005899304663577174,0.7521980830261226,0.0035543407153723035,0.017189030710825136,0.0025427479120613337,5,5,15.115867740730023,0.00011164840997909458
A,group,knn,validity,0.9705337335247293,0.0019121290372512147,1.0,0.0,0.02946626647527075,0.001912129037251215,5,5,34.45822619614981,4.231994503448395e-06
A,group,mf,cell_F1,0.8126805339185633,0.004710223568232226,0.804930820651981,0.004283356457547092,-0.00774971326658247,0.005230355959412852,1,5,-3.3131369651857603,0.029567560688395028
A,group,mf,group_acc,0.7764295505575631,0.0056515049875209425,0.8352218303160219,0.0038045518397584774,0.05879227975845869,0.003436486580155225,5,5,38.25521532697513,2.788770939857656e-06
A,group,mf,exact_profile,0.7532069690691825,0.006660526403423344,0.7882994935052744,0.004996937028803426,0.03509252443609186,0.0033953038522153032,5,5,23.111118638167163,2.0771415464747557e-05
A,group,mf,validity,0.9174996737570142,0.002272300546488727,1.0,0.0,0.08250032624298582,0.002272300546488727,5,5,81.18483179097423,1.3797884825519935e-07
A_strict,cell,mf,cell_F1,0.8900528025282262,0.004666922955730441,0.888196429509464,0.006188629696391099,-0.0018563730187621807,0.004663916024676037,2,5,-0.8900195114119925,0.42374820651206985
A_strict,cell,mf,group_acc,0.9329392344559974,0.001756773756717356,0.9663562649725099,0.0019198404301895727,0.0334170305165125,0.0012996703991214333,5,5,57.49361675977143,5.480211761115647e-07
A_strict,cell,mf,exact_profile,0.9181564287847497,0.0021598237564002397,0.9216830864832766,0.0032144265629004674,0.003526657698526825,0.0031840542640522024,5,5,2.476668327016192,0.06845521514531652
A_strict,cell,mf,validity,0.9410674670494584,0.001978227280348349,0.9917786767584499,0.0005137679677678862,0.0507112097089913,0.0018969283314984153,5,5,59.777541537892624,4.690177068156302e-07
B,cell,softimpute,cell_F1,0.9161910380059437,0.0041206226433123825,0.8980965368567073,0.005513787344280463,-0.018094501149236386,0.0031234202534818913,0,5,-12.953919519327085,0.00020487383394023
B,cell,softimpute,group_acc,0.9619042322843754,0.0025326988572460475,0.9741243089839726,0.0021366118052836844,0.012220076699597349,0.0022972363309534025,5,5,11.894693559552278,0.0002861189395929974
B,cell,softimpute,exact_profile,0.9402948790983094,0.0020464719958514,0.9286295534662494,0.0032459861729877905,-0.011665325632060065,0.001883756999951679,0,5,-13.847041361293472,0.00015767837402829222
B,cell,softimpute,validity,0.9628604984992822,0.0032736333794424473,0.9917786767584499,0.0005137679677678862,0.028918178259167426,0.0030972128330630988,5,5,20.87780719576966,3.110272068802021e-05
B,cell,knn,cell_F1,0.829219548927808,0.006139153207128806,0.8400562890860813,0.006850966079723927,0.010836740158273184,0.00552132642702286,5,5,4.388743894909791,0.011794159943403057
B,cell,knn,group_acc,0.8994880689197103,0.0039873641553018445,0.9353119348437001,0.004017180931347009,0.035823865923989937,0.002947115576860553,5,5,27.18067796588151,1.0894348562156624e-05
B,cell,knn,exact_profile,0.8800344226376318,0.0039728049573785505,0.8919640975045116,0.0051000970154020065,0.011929674866879814,0.003846491408862055,5,5,6.935037964820441,0.0022700329190858855
B,cell,knn,validity,0.9473313323763538,0.0028405255670551537,0.9917786767584499,0.0005137679677678862,0.044447344382095876,0.00248047671895381,5,5,40.067815472030844,2.318287533411782e-06
B,group,softimpute,cell_F1,0.8355212783425007,0.0020599611244257157,0.8350615902211468,0.0033756023451605105,-0.00045968812135399606,0.0021904814987047786,1,5,-0.4692547681432126,0.6633229677784694
B,group,softimpute,group_acc,0.8156017749240068,0.0033695688084795835,0.8546279344375287,0.002943817045040634,0.03902615951352224,0.0028749286092201536,5,5,30.353847846210414,7.0171430192867516e-06
B,group,softimpute,exact_profile,0.7865511132433449,0.0020067433166733165,0.806151505370949,0.0035736546401663755,0.019600392127604272,0.0023641224800961453,5,5,18.53872189447328,4.98258166316521e-05
B,group,softimpute,validity,0.9608769411457654,0.00254117947428177,1.0,0.0,0.039123058854234574,0.00254117947428177,5,5,34.42567515248765,4.247978413263704e-06
B,group,knn,cell_F1,0.7825950304571326,0.0014958321651504117,0.7799649067158624,0.0017098653239146465,-0.0026301237412703184,0.0017136714373935608,0,5,-3.4318921039271792,0.026489667446021242
B,group,knn,group_acc,0.7701822353095553,0.003227023794080391,0.794591974983839,0.0009967853248646129,0.02440973967428377,0.002387410792151685,5,5,22.862356744052203,2.1684440523344895e-05
B,group,knn,exact_profile,0.7356441656207291,0.002090319343174616,0.7495764150974795,0.0017867950474231976,0.01393224947675058,0.0018693434898071125,5,5,16.66545344896177,7.595028281815142e-05
B,group,knn,validity,0.9663317238679368,0.0022565074338758654,1.0,0.0,0.033668276132063156,0.0022565074338758654,5,5,33.36330870721539,4.813690639827967e-06
B,group,mf,cell_F1,0.8203750512763905,0.00398339976907865,0.809100817377679,0.0023819869227262426,-0.01127423389871136,0.006216568823013754,0,5,-4.055284210547749,0.01540845002563998
B,group,mf,group_acc,0.7866740434151991,0.005711880854719074,0.8393520009988729,0.002837221714437965,0.052677957583673794,0.0067031310985194775,5,5,17.572607836800596,6.158685466723624e-05
B,group,mf,exact_profile,0.7626624482690143,0.005441790889910122,0.7917943132024744,0.0025124481849471258,0.029131864933460094,0.0062794476544506825,5,5,10.373656074095834,0.00048751384102633095
B,group,mf,validity,0.9246248205663579,0.0024493874935921835,1.0,0.0,0.07537517943364218,0.0024493874935921835,5,5,68.8106824546113,2.672492890379918e-07
B_strict,cell,mf,cell_F1,0.8969694183339604,0.005031165323805037,0.8907175132756692,0.004938118438812655,-0.006251905058291274,0.0045379102796321924,1,5,-3.080643696716533,0.036908477156083176
B_strict,cell,mf,group_acc,0.9387156883237605,0.00242015871201746,0.968320068397954,0.0015164221880945052,0.029604380074193616,0.0015157761122723797,5,5,43.67228493817414,1.6436565751482832e-06
B_strict,cell,mf,exact_profile,0.9236968417621305,0.0027722596305365444,0.9231412351287689,0.0027491847584750553,-0.0005556066333617827,0.002981594094019439,2,5,-0.41668119863757974,0.6983007951955176
B_strict,cell,mf,validity,0.9441472008351821,0.002522008102582236,0.9917786767584499,0.0005137679677678862,0.047631475923267705,0.002303192299976895,5,5,46.24330240863501,1.307986225813004e-06
