cell_F1,cell_P,cell_R,group_acc,exact_profile,validity,n_heldout_cells,n_group_inst,n_wellformed,n_fullobs,arm,protocol,seed,config,shrink,k,tau,rank,l2,n_iter,strict_gold
0.8370434920383427,0.8990810074880872,0.7830146731880836,0.8143192164436474,0.7875414181577204,0.9600678585410414,20405,7663,7249,7545,softimpute_bin,group,42,A,0.5,50,0.35,64,0.02,1200,
0.8396277209445427,0.8727214582667093,0.808952126871202,0.8601186370533866,0.8139165009940358,1.0,20405,7663,7249,7545,softimpute_cat,group,42,A,0.5,50,0.35,64,0.02,1200,
0.7796663767886789,0.8354794984750932,0.730843337779754,0.7660366947165126,0.7326706428098079,0.9685501761712124,20405,7663,7249,7545,knn_bin,group,42,A,0.5,50,0.35,64,0.02,1200,
0.7775987725354815,0.8059796437659033,0.7511486586631095,0.7929369568216306,0.7505632869449966,1.0,20405,7663,7249,7545,knn_cat,group,42,A,0.5,50,0.35,64,0.02,1200,
0.8360189573459715,0.8993881713120326,0.78099173553719,0.8126210905065043,0.7852038115404976,0.9579799034320762,20417,7663,7226,7556,softimpute_bin,group,43,A,0.5,50,0.35,64,0.02,1200,
0.8332053448011059,0.8685558757604868,0.8006198347107438,0.8557985053971768,0.8078348332451032,1.0,20417,7663,7226,7556,softimpute_cat,group,43,A,0.5,50,0.35,64,0.02,1200,
0.7744491995561896,0.8363574118452585,0.7210743801652892,0.7618322723498477,0.7268395976707253,0.9706381312801776,20417,7663,7226,7556,knn_bin,group,43,A,0.5,50,0.35,64,0.02,1200,
0.778510116492949,0.8097895408163265,0.7495572609208973,0.7931082203155273,0.7480148226574908,1.0,20417,7663,7226,7556,knn_cat,group,43,A,0.5,50,0.35,64,0.02,1200,
0.8363809071479459,0.9019976096977976,0.7796635182998819,0.8213543830494391,0.7896410120545768,0.9638522771760408,20416,7663,7221,7549,softimpute_bin,group,44,A,0.5,50,0.35,64,0.02,1200,
0.8360983102918587,0.8717168481742473,0.8032762691853601,0.8606841157734386,0.8118956153132866,1.0,20416,7663,7221,7549,softimpute_cat,group,44,A,0.5,50,0.35,64,0.02,1200,
0.7822299651567943,0.8439849624060151,0.7288961038961039,0.7762082814014679,0.7378460723274606,0.9735090695550046,20416,7663,7221,7549,knn_bin,group,44,A,0.5,50,0.35,64,0.02,1200,
0.7810018326206475,0.8091772151898734,0.7547225501770957,0.7989198171998338,0.7529474102530136,1.0,20416,7663,7221,7549,knn_cat,group,44,A,0.5,50,0.35,64,0.02,1200,
0.8318992989165073,0.8947729220222793,0.7772815244900998,0.8142718849398424,0.785307743216413,0.9631997912044892,20417,7663,7231,7555,softimpute_bin,group,45,A,0.5,50,0.35,64,0.02,1200,
0.8304914744232699,0.8619474695707879,0.8012505582849486,0.8524408795463975,0.8042356055592323,1.0,20417,7663,7231,7555,softimpute_cat,group,45,A,0.5,50,0.35,64,0.02,1200,
0.7866401590457257,0.8443154660293616,0.7363406282566622,0.77776241183792,0.742686962276638,0.9707686284744876,20417,7663,7231,7555,knn_bin,group,45,A,0.5,50,0.35,64,0.02,1200,
0.7856538135919341,0.8132568514977693,0.7598630340926008,0.8027935278661319,0.757643944407677,1.0,20417,7663,7231,7555,knn_cat,group,45,A,0.5,50,0.35,64,0.02,1200,
0.8362637362637363,0.898465171192444,0.7821171634121274,0.8154422996805999,0.7850615812475169,0.9592848753751796,20412,7663,7201,7551,softimpute_bin,group,46,A,0.5,50,0.35,64,0.02,1200,
0.8346949683133542,0.8695513840279987,0.8025253266774336,0.8583530065268713,0.8067805588663753,1.0,20412,7663,7201,7551,softimpute_cat,group,46,A,0.5,50,0.35,64,0.02,1200,
0.7823760818253345,0.8428547211391761,0.7299955953604463,0.773364810442994,0.7350019864918553,0.969202662142764,20412,7663,7201,7551,knn_bin,group,46,A,0.5,50,0.35,64,0.02,1200,
0.781864056885083,0.8157306955966815,0.7506974012626634,0.8001666435217331,0.7518209508674347,1.0,20412,7663,7201,7551,knn_cat,group,46,A,0.5,50,0.35,64,0.02,1200,
0.9199059844512746,0.969881814715974,0.874828060522696,0.9655837004405288,0.9430959013131716,0.9672452042281092,7663,7663,7264,7539,softimpute_bin,cell,42,A,0.5,50,0.35,64,0.02,1200,
0.90465872156013,0.9524714828897338,0.8614167812929848,0.9743942731277532,0.931423265685104,0.9920396711470704,7663,7663,7264,7539,softimpute_cat,cell,42,A,0.5,50,0.35,64,0.02,1200,
0.8299851190476191,0.9039708265802268,0.767193947730399,0.9010187224669604,0.8810187027457222,0.95145504371656,7663,7663,7264,7539,knn_bin,cell,42,A,0.5,50,0.35,64,0.02,1200,
0.854120267260579,0.9278225806451612,0.7912654745529574,0.9392896475770924,0.8981297254277756,0.9920396711470704,7663,7663,7264,7539,knn_cat,cell,42,A,0.5,50,0.35,64,0.02,1200,
0.9181544988509812,0.9722950205915388,0.8697253851306095,0.9615066225165564,0.9406622516556292,0.9645047631475924,7663,7663,7248,7550,softimpute_bin,cell,43,A,0.5,50,0.35,64,0.02,1200,
0.901558073654391,0.9564237415477084,0.8526456798392499,0.9722682119205298,0.9288741721854304,0.9913871851755188,7663,7663,7248,7550,softimpute_cat,cell,43,A,0.5,50,0.35,64,0.02,1200,
0.822733918128655,0.9054706355591312,0.7538513060951105,0.8939017660044151,0.8733774834437086,0.9491060942189744,7663,7663,7248,7550,knn_bin,cell,43,A,0.5,50,0.35,64,0.02,1200,
0.8549365692222836,0.9478189971463514,0.7786336235766912,0.940121412803532,0.8978807947019868,0.9913871851755188,7663,7663,7248,7550,knn_cat,cell,43,A,0.5,50,0.35,64,0.02,1200,
0.9092261904761906,0.959937156323645,0.8636042402826856,0.958610188261351,0.9379145661979305,0.9591543781808692,7663,7663,7224,7538,softimpute_bin,cell,44,A,0.5,50,0.35,64,0.02,1200,
0.8935133108361455,0.9516773162939296,0.8420494699646643,0.9738372093023256,0.9276996550809232,0.9915176823698292,7663,7663,7224,7538,softimpute_cat,cell,44,A,0.5,50,0.35,64,0.02,1200,
0.8218756017716156,0.9030892932712652,0.7540636042402827,0.900747508305648,0.8800742902626691,0.945713167166906,7663,7663,7224,7538,knn_bin,cell,44,A,0.5,50,0.35,64,0.02,1200,
0.8460038986354776,0.9434782608695652,0.7667844522968198,0.9432447397563676,0.8987795171132926,0.9915176823698292,7663,7663,7224,7538,knn_cat,cell,44,A,0.5,50,0.35,64,0.02,1200,
0.9161539813675512,0.9669758812615956,0.8704074816299265,0.9611650485436892,0.9387186629526464,0.9601983557353516,7663,7663,7210,7539,softimpute_bin,cell,45,A,0.5,50,0.35,64,0.02,1200,
0.8928825622775801,0.9554455445544554,0.8380093520374081,0.9703190013869626,0.9229340761374188,0.9913871851755188,7663,7663,7210,7539,softimpute_cat,cell,45,A,0.5,50,0.35,64,0.02,1200,
0.8219731765570458,0.9134340547162108,0.7471609886439545,0.8945908460471568,0.8737233054781801,0.9487146026360432,7663,7663,7210,7539,knn_bin,cell,45,A,0.5,50,0.35,64,0.02,1200,
0.8444526354589016,0.9420230263157896,0.7651970607882431,0.936754507628294,0.8910996153335986,0.9913871851755188,7663,7663,7210,7539,knn_cat,cell,45,A,0.5,50,0.35,64,0.02,1200,
0.9175145348837208,0.9715275105809928,0.8691910499139415,0.9626556016597512,0.94108301337217,0.9631997912044892,7663,7663,7230,7553,softimpute_bin,cell,46,A,0.5,50,0.35,64,0.02,1200,
0.8972577696526508,0.9567251461988304,0.844750430292599,0.9742738589211618,0.9278432410962532,0.9925616599243116,7663,7663,7230,7553,softimpute_cat,cell,46,A,0.5,50,0.35,64,0.02,1200,
0.8262751741012611,0.9115448504983388,0.7555938037865749,0.9019363762102351,0.8808420495167483,0.9500195745791464,7663,7663,7230,7553,knn_bin,cell,46,A,0.5,50,0.35,64,0.02,1200,
0.8491387469240962,0.9432296047098402,0.7721170395869191,0.941908713692946,0.8977889580299219,0.9925616599243116,7663,7663,7230,7553,knn_cat,cell,46,A,0.5,50,0.35,64,0.02,1200,
0.8180925772106018,0.8338977832512315,0.8028753520083,0.7791419506138778,0.7603711066931743,0.919874722693462,20405,7663,7249,7545,mf_bin,group,42,A,0.5,50,0.35,64,0.02,1200,
0.8083468083468084,0.8411858974358974,0.7779753964725064,0.8358394261277418,0.7919151756129887,1.0,20405,7663,7249,7545,mf_cat,group,42,A,0.5,50,0.35,64,0.02,1200,
0.8101626320917334,0.8230546672757728,0.797668240850059,0.7722114586216441,0.7486765484383272,0.917003784418635,20417,7663,7226,7556,mf_bin,group,43,A,0.5,50,0.35,64,0.02,1200,
0.8012579581191992,0.8342117872544322,0.7708087367178277,0.831165236645447,0.7838803599788248,1.0,20417,7663,7226,7556,mf_cat,group,43,A,0.5,50,0.35,64,0.02,1200,
0.817276742271128,0.8292571775786116,0.8056375442739079,0.7847943498130453,0.7595708040800105,0.9151768236982905,20416,7663,7221,7549,mf_bin,group,44,A,0.5,50,0.35,64,0.02,1200,
0.8064763658686309,0.8399936061381074,0.7755312868949232,0.8392189447444952,0.7917604980792158,1.0,20416,7663,7221,7549,mf_cat,group,44,A,0.5,50,0.35,64,0.02,1200,
0.8075323300310066,0.8206271134337535,0.7948488908739021,0.7751348361222514,0.7522170747849106,0.919874722693462,20417,7663,7231,7555,mf_bin,group,45,A,0.5,50,0.35,64,0.02,1200,
0.8090304623473017,0.8415634550426251,0.7789191603394372,0.8384732402157378,0.7920582395764394,1.0,20417,7663,7231,7555,mf_cat,group,45,A,0.5,50,0.35,64,0.02,1200,
0.8103383879883469,0.8248175182481752,0.7963588313023051,0.7708651576169976,0.7451993113494901,0.9155683152812214,20412,7663,7201,7551,mf_bin,group,46,A,0.5,50,0.35,64,0.02,1200,
0.7995425085779642,0.8316941624365483,0.7697841726618705,0.831412303846688,0.7818831942789034,1.0,20412,7663,7201,7551,mf_cat,group,46,A,0.5,50,0.35,64,0.02,1200,
0.8895439569967055,0.8971668415529905,0.8820495185694636,0.9322687224669604,0.917097758323385,0.9442776980294924,7663,7663,7264,7539,mf_bin,cell,42,A,0.5,50,0.35,64,0.02,1200,
0.0371120107962213,0.9821428571428572,0.0189133425034387,0.6545980176211453,0.6266083034885264,0.9920396711470704,7663,7663,7264,7539,mf_cat,cell,42,A,0.5,50,0.35,64,0.02,1200,
0.8931544080176661,0.9062392278524648,0.8804420629604822,0.9328090507726268,0.9188079470198676,0.9414067597546651,7663,7663,7248,7550,mf_bin,cell,43,A,0.5,50,0.35,64,0.02,1200,
0.0316309719934102,0.979591836734694,0.0160750167448091,0.6436258278145696,0.6156291390728477,0.9913871851755188,7663,7663,7248,7550,mf_cat,cell,43,A,0.5,50,0.35,64,0.02,1200,
0.8822684852835606,0.8964259664478483,0.8685512367491166,0.931063122923588,0.9161581321305386,0.9402322850058724,7663,7663,7224,7538,mf_bin,cell,44,A,0.5,50,0.35,64,0.02,1200,
0.0394736842105263,0.9827586206896552,0.0201413427561837,0.6688815060908084,0.6377023083045901,0.9915176823698292,7663,7663,7224,7538,mf_cat,cell,44,A,0.5,50,0.35,64,0.02,1200,
0.8913895993179881,0.9104841518634622,0.8730794923179692,0.932732316227462,0.917097758323385,0.9390578102570796,7663,7663,7210,7539,mf_bin,cell,45,A,0.5,50,0.35,64,0.02,1200,False
0.0360774024270252,1.0,0.0183700734802939,0.6463245492371706,0.6145377371004112,0.9913871851755188,7663,7663,7210,7539,mf_cat,cell,45,A,0.5,50,0.35,64,0.02,1200,False
0.89390756302521,0.9095119344495904,0.8788296041308089,0.93582295988935,0.9216205481265722,0.9403627822001828,7663,7663,7230,7553,mf_bin,cell,46,A,0.5,50,0.35,64,0.02,1200,False
0.0278249066847641,0.9761904761904762,0.0141135972461273,0.6561549100968188,0.6250496491460347,0.9925616599243116,7663,7663,7230,7553,mf_cat,cell,46,A,0.5,50,0.35,64,0.02,1200,False
0.8895439569967055,0.8971668415529905,0.8820495185694636,0.9322687224669604,0.917097758323385,0.9442776980294924,7663,7663,7264,7539,mf_bin,cell,42,A_strict,0.5,50,0.35,64,0.02,1200,True
0.894285192623699,0.9532892175943948,0.8421595598349381,0.9673733480176212,0.9254543042843878,0.9920396711470704,7663,7663,7264,7539,mf_cat,cell,42,A_strict,0.5,50,0.35,64,0.02,1200,True
0.8931544080176661,0.9062392278524648,0.8804420629604822,0.9328090507726268,0.9188079470198676,0.9414067597546651,7663,7663,7248,7550,mf_bin,cell,43,A_strict,0.5,50,0.35,64,0.02,1200,True
0.8937689698268166,0.95717017208413,0.8382451440053583,0.9668874172185432,0.9234437086092716,0.9913871851755188,7663,7663,7248,7550,mf_cat,cell,43,A_strict,0.5,50,0.35,64,0.02,1200,True
0.8822684852835606,0.8964259664478483,0.8685512367491166,0.931063122923588,0.9161581321305386,0.9402322850058724,7663,7663,7224,7538,mf_bin,cell,44,A_strict,0.5,50,0.35,64,0.02,1200,True
0.879773156899811,0.9459349593495936,0.82226148409894,0.9644241417497232,0.9193420005306449,0.9915176823698292,7663,7663,7224,7538,mf_cat,cell,44,A_strict,0.5,50,0.35,64,0.02,1200,True
0.8913895993179881,0.9104841518634622,0.8730794923179692,0.932732316227462,0.917097758323385,0.9390578102570796,7663,7663,7210,7539,mf_bin,cell,45,A_strict,0.5,50,0.35,64,0.02,1200,True
0.8844707146695325,0.9536500579374276,0.8246492985971944,0.9643550624133148,0.9174956890834328,0.9913871851755188,7663,7663,7210,7539,mf_cat,cell,45,A_strict,0.5,50,0.35,64,0.02,1200,True
0.89390756302521,0.9095119344495904,0.8788296041308089,0.93582295988935,0.9216205481265722,0.9403627822001828,7663,7663,7230,7553,mf_bin,cell,46,A_strict,0.5,50,0.35,64,0.02,1200,True
0.8886841135274604,0.9563665212217374,0.829948364888124,0.9687413554633472,0.9226797299086456,0.9925616599243116,7663,7663,7230,7553,mf_cat,cell,46,A_strict,0.5,50,0.35,64,0.02,1200,True
0.8370434920383427,0.8990810074880872,0.7830146731880836,0.8143192164436474,0.7875414181577204,0.9600678585410414,20405,7663,7249,7545,softimpute_bin,group,42,B,0.5,25,0.4,64,0.02,1200,False
0.8400686534560775,0.8868390709932465,0.7979842893137691,0.857083735687681,0.8111332007952287,1.0,20405,7663,7249,7545,softimpute_cat,group,42,B,0.5,25,0.4,64,0.02,1200,False
0.7812966601178781,0.8315490130478421,0.7367718986216096,0.7658987446544351,0.7337309476474486,0.964374265953282,20405,7663,7249,7545,knn_bin,group,42,B,0.5,25,0.4,64,0.02,1200,False
0.7805333126020367,0.8207979071288424,0.7440343856528827,0.7934887570699407,0.7508283631544069,1.0,20405,7663,7249,7545,knn_cat,group,42,B,0.5,25,0.4,64,0.02,1200,False
0.8360189573459715,0.8993881713120326,0.78099173553719,0.8126210905065043,0.7852038115404976,0.9579799034320762,20417,7663,7226,7556,softimpute_bin,group,43,B,0.5,25,0.4,64,0.02,1200,False
0.8330086495753136,0.8824500577843817,0.7888134592680047,0.8527539440907833,0.8046585494970884,1.0,20417,7663,7226,7556,softimpute_cat,group,43,B,0.5,25,0.4,64,0.02,1200,False
0.7834905660377358,0.8383243606998654,0.7353896103896104,0.7687517298643787,0.7357067231339333,0.9678976901996608,20417,7663,7226,7556,knn_bin,group,43,B,0.5,25,0.4,64,0.02,1200,False
0.7824937810945274,0.8267082785808147,0.7427685950413223,0.7944921118184335,0.7494706193753309,1.0,20417,7663,7226,7556,knn_cat,group,43,B,0.5,25,0.4,64,0.02,1200,False
0.8363809071479459,0.9019976096977976,0.7796635182998819,0.8213543830494391,0.7896410120545768,0.9638522771760408,20416,7663,7221,7549,softimpute_bin,group,44,B,0.5,25,0.4,64,0.02,1200,False
0.8359648440538228,0.8837362275941457,0.7930932703659976,0.8573604763883119,0.808583918399788,1.0,20416,7663,7221,7549,softimpute_cat,group,44,B,0.5,25,0.4,64,0.02,1200,False
0.7825813056146154,0.8389329731554955,0.7333234946871311,0.7746849466832849,0.7371837329447609,0.9693331593370742,20416,7663,7221,7549,knn_bin,group,44,B,0.5,25,0.4,64,0.02,1200,False
0.7790175112350846,0.8200652528548124,0.7418831168831169,0.7961501177122282,0.7506954563518347,1.0,20416,7663,7221,7549,knn_cat,group,44,B,0.5,25,0.4,64,0.02,1200,False
0.8318992989165073,0.8947729220222793,0.7772815244900998,0.8142718849398424,0.785307743216413,0.9631997912044892,20417,7663,7231,7555,softimpute_bin,group,45,B,0.5,25,0.4,64,0.02,1200,False
0.8311281609645346,0.8764861294583883,0.7902337352984964,0.8505047711243258,0.8026472534745202,1.0,20417,7663,7231,7555,softimpute_cat,group,45,B,0.5,25,0.4,64,0.02,1200,False
0.7845887173022377,0.8333054393305439,0.7412535358046747,0.7704328585257917,0.7381866313699537,0.9641132715646612,20417,7663,7231,7555,knn_bin,group,45,B,0.5,25,0.4,64,0.02,1200,False
0.7798300989790352,0.818285901210337,0.7448265594759566,0.7947725072604066,0.7503639973527465,1.0,20417,7663,7231,7555,knn_cat,group,45,B,0.5,25,0.4,64,0.02,1200,False
0.8362637362637363,0.898465171192444,0.7821171634121274,0.8154422996805999,0.7850615812475169,0.9592848753751796,20412,7663,7201,7551,softimpute_bin,group,46,B,0.5,25,0.4,64,0.02,1200,False
0.8351376430559853,0.8822087894134946,0.7928351196593746,0.8554367448965422,0.8037346046881207,1.0,20412,7663,7201,7551,softimpute_cat,group,46,B,0.5,25,0.4,64,0.02,1200,False
0.7810179032131966,0.8352842809364549,0.7333724856849214,0.7711428968198861,0.7334127930075487,0.965940232285006,20412,7663,7201,7551,knn_bin,group,46,B,0.5,25,0.4,64,0.02,1200,False
0.7779498296686281,0.8229320229320229,0.7376303039201292,0.7940563810581863,0.7465236392530791,1.0,20412,7663,7201,7551,knn_cat,group,46,B,0.5,25,0.4,64,0.02,1200,False
0.9199059844512746,0.969881814715974,0.874828060522696,0.9655837004405288,0.9430959013131716,0.9672452042281092,7663,7663,7264,7539,softimpute_bin,cell,42,B,0.5,25,0.4,64,0.02,1200,False
0.9053362573099416,0.9660686427457098,0.8517881705639615,0.97590859030837,0.93274970155193,0.9920396711470704,7663,7663,7264,7539,softimpute_cat,cell,42,B,0.5,25,0.4,64,0.02,1200,False
0.8384955752212389,0.9038155802861684,0.7819807427785419,0.9034966960352424,0.8859265154529778,0.9487146026360432,7663,7663,7264,7539,knn_bin,cell,42,B,0.5,25,0.4,64,0.02,1200,False
0.8492890995260662,0.9463455851288552,0.7702888583218707,0.9380506607929516,0.897068576734315,0.9920396711470704,7663,7663,7264,7539,knn_cat,cell,42,B,0.5,25,0.4,64,0.02,1200,False
0.9181544988509812,0.9722950205915388,0.8697253851306095,0.9615066225165564,0.9406622516556292,0.9645047631475924,7663,7663,7248,7550,softimpute_bin,cell,43,B,0.5,25,0.4,64,0.02,1200,False
0.900733321409408,0.9666026871401152,0.8432685867381112,0.9724061810154524,0.9290066225165564,0.9913871851755188,7663,7663,7248,7550,softimpute_cat,cell,43,B,0.5,25,0.4,64,0.02,1200,False
0.826933575978162,0.9055400557991232,0.7608841259209645,0.8950055187637969,0.8758940397350994,0.9484536082474226,7663,7663,7248,7550,knn_bin,cell,43,B,0.5,25,0.4,64,0.02,1200,False
0.8431079566679118,0.953125,0.7558606831882116,0.9330849889624724,0.8912582781456954,0.9913871851755188,7663,7663,7248,7550,knn_cat,cell,43,B,0.5,25,0.4,64,0.02,1200,False
0.9092261904761906,0.959937156323645,0.8636042402826856,0.958610188261351,0.9379145661979305,0.9591543781808692,7663,7663,7224,7538,softimpute_bin,cell,44,B,0.5,25,0.4,64,0.02,1200,False
0.8921382453475124,0.9642857142857144,0.830035335689046,0.9739756367663344,0.9276996550809232,0.9915176823698292,7663,7663,7224,7538,softimpute_cat,cell,44,B,0.5,25,0.4,64,0.02,1200,False
0.8215243201838376,0.8967391304347826,0.7579505300353356,0.8986710963455149,0.8790130007959671,0.943755709252251,7663,7663,7224,7538,knn_bin,cell,44,B,0.5,25,0.4,64,0.02,1200,False
0.8357199681782022,0.9558689717925388,0.7424028268551237,0.9383997785160576,0.8946670204298223,0.9915176823698292,7663,7663,7224,7538,knn_cat,cell,44,B,0.5,25,0.4,64,0.02,1200,False
0.9161539813675512,0.9669758812615956,0.8704074816299265,0.9611650485436892,0.9387186629526464,0.9601983557353516,7663,7663,7210,7539,softimpute_bin,cell,45,B,0.5,25,0.4,64,0.02,1200,False
0.8930500540151242,0.96875,0.8283233132932531,0.9717059639389736,0.9238625812441968,0.9913871851755188,7663,7663,7210,7539,softimpute_cat,cell,45,B,0.5,25,0.4,64,0.02,1200,False
0.8296753128967894,0.907899960301707,0.7638610554442218,0.8965325936199723,0.8774373259052924,0.9450606811953542,7663,7663,7210,7539,knn_bin,cell,45,B,0.5,25,0.4,64,0.02,1200,False
0.8314564564564563,0.9490145672664952,0.739812959251837,0.9292649098474342,0.883671574479374,0.9913871851755188,7663,7663,7210,7539,knn_cat,cell,45,B,0.5,25,0.4,64,0.02,1200,False
0.9175145348837208,0.9715275105809928,0.8691910499139415,0.9626556016597512,0.94108301337217,0.9631997912044892,7663,7663,7230,7553,softimpute_bin,cell,46,B,0.5,25,0.4,64,0.02,1200,False
0.8992248062015503,0.9693593314763232,0.8385542168674699,0.976625172890733,0.9298292069376408,0.9925616599243116,7663,7663,7230,7553,softimpute_cat,cell,46,B,0.5,25,0.4,64,0.02,1200,False
0.8294689603590126,0.9079001227998362,0.7635111876075732,0.9037344398340248,0.8819012312988217,0.9506720605506982,7663,7663,7230,7553,knn_bin,cell,46,B,0.5,25,0.4,64,0.02,1200,False
0.8407079646017699,0.95290013083297,0.7521514629948365,0.9377593360995852,0.893155037733351,0.9925616599243116,7663,7663,7230,7553,knn_cat,cell,46,B,0.5,25,0.4,64,0.02,1200,False
0.8243222777525367,0.8427001083759096,0.8067289165555062,0.7885225548351497,0.768986083499006,0.9230066553569098,20405,7663,7249,7545,mf_bin,group,42,B,0.5,50,0.4,64,0.08,1200,False
0.8069257406694883,0.8391485275288092,0.7770861123462279,0.8355635260035867,0.7908548707753479,1.0,20405,7663,7249,7545,mf_cat,group,42,B,0.5,50,0.4,64,0.08,1200,False
0.8188845104577145,0.841588785046729,0.7973730814639906,0.7812067533905341,0.7582053996823717,0.9260080908260472,20417,7663,7226,7556,mf_bin,group,43,B,0.5,50,0.4,64,0.08,1200,False
0.8082853855005755,0.8416679980827608,0.7774498229043684,0.837669526709106,0.7898358920063525,1.0,20417,7663,7226,7556,mf_cat,group,43,B,0.5,50,0.4,64,0.08,1200,False
0.8246738556669934,0.8431765612952968,0.806965761511216,0.7957346627890873,0.7681812160551066,0.9253556048544956,20416,7663,7221,7549,mf_bin,group,44,B,0.5,50,0.4,64,0.08,1200,False
0.8074534161490684,0.8403830806065443,0.7770070838252656,0.8397728846420164,0.7914955623261359,1.0,20416,7663,7221,7549,mf_cat,group,44,B,0.5,50,0.4,64,0.08,1200,False
0.8155192088246481,0.8338518979464842,0.7979752865862736,0.7835707371041349,0.7596293845135672,0.9274435599634608,20417,7663,7231,7555,mf_bin,group,45,B,0.5,50,0.4,64,0.08,1200,False
0.8128037022753568,0.8433098591549296,0.7844275718326634,0.8428986308947587,0.7961614824619457,1.0,20417,7663,7231,7555,mf_cat,group,45,B,0.5,50,0.4,64,0.08,1200,False
0.81847540368006,0.8377921279212792,0.8000293642636911,0.7843355089570893,0.7583101575950205,0.9213101918308756,20412,7663,7201,7551,mf_bin,group,46,B,0.5,50,0.4,64,0.08,1200,False
0.8100358422939069,0.842748333862266,0.7797680223168404,0.8408554367448965,0.7906237584425904,1.0,20412,7663,7201,7551,mf_cat,group,46,B,0.5,50,0.4,64,0.08,1200,False
0.8951219512195123,0.907132768361582,0.8834250343878954,0.9372246696035242,0.9216076402705928,0.9472791334986298,7663,7663,7264,7539,mf_bin,cell,42,B_strict,0.5,50,0.4,64,0.08,1200,True
0.895130403064016,0.953009708737864,0.843878954607978,0.9683370044052864,0.9255869478710704,0.9920396711470704,7663,7663,7264,7539,mf_cat,cell,42,B_strict,0.5,50,0.4,64,0.08,1200,True
0.9020010261672652,0.9217056973086334,0.8831212324179505,0.940121412803532,0.926225165562914,0.9451911783896646,7663,7663,7248,7550,mf_bin,cell,43,B_strict,0.5,50,0.4,64,0.08,1200,True
0.8961456102783726,0.9591291061879296,0.8409243134628265,0.9686810154525386,0.9250331125827814,0.9913871851755188,7663,7663,7248,7550,mf_cat,cell,43,B_strict,0.5,50,0.4,64,0.08,1200,True
0.8893685914732865,0.9058263100036644,0.8734982332155476,0.937015503875969,0.9214645794640488,0.9428422288920788,7663,7663,7224,7538,mf_bin,cell,44,B_strict,0.5,50,0.4,64,0.08,1200,True
0.8851963746223566,0.9505271695052716,0.8282685512367491,0.9683001107419712,0.9221278853807376,0.9915176823698292,7663,7663,7224,7538,mf_cat,cell,44,B_strict,0.5,50,0.4,64,0.08,1200,True
0.897597546430397,0.9161739130434783,0.8797595190380761,0.9368932038834952,0.9220055710306406,0.9406237765888034,7663,7663,7210,7539,mf_bin,cell,45,B_strict,0.5,50,0.4,64,0.08,1200,True
0.8864613180515759,0.9555984555984556,0.8266533066132264,0.9660194174757282,0.9188221249502586,0.9913871851755187,7663,7663,7210,7539,mf_cat,cell,45,B_strict,0.5,50,0.4,64,0.08,1200,True
0.9007579763793409,0.9230491329479769,0.8795180722891566,0.9423236514522821,0.9271812524824573,0.9447996868067337,7663,7663,7230,7553,mf_bin,cell,46,B_strict,0.5,50,0.4,64,0.08,1200,True
0.8906538603620244,0.9609406137903547,0.829948364888124,0.9702627939142462,0.9241361048589964,0.9925616599243117,7663,7663,7230,7553,mf_cat,cell,46,B_strict,0.5,50,0.4,64,0.08,1200,True
