glottocode,family_id,source
abad1241,aust1307,grambank
abar1238,atla1278,grambank
abau1245,sepi1257,grambank
abee1242,atla1278,grambank
aben1249,aust1307,grambank
abip1241,guai1249,grambank
abkh1244,abkh1242,grambank
abua1245,nucl1708,grambank
abui1241,timo1261,grambank
acha1249,sino1245,grambank
acha1250,araw1281,grambank
ache1245,narr1279,grambank
ache1246,tupi1275,grambank
achi1256,maya1287,grambank
achi1257,aust1307,grambank
achu1247,pala1350,grambank
achu1248,jiva1245,grambank
acol1236,nilo1247,grambank
adan1251,timo1261,grambank
adny1235,pama1250,grambank
adon1237,aust1307,grambank
adze1240,aust1307,grambank
aeky1238,kamu1264,grambank
afad1236,afro1255,grambank
afar1241,afro1255,grambank
aghe1239,atla1278,grambank
aghu1254,pama1250,grambank
aghu1255,nucl1709,grambank
aghw1237,nakh1245,grambank
agob1244,paho1240,grambank
agua1253,jiva1245,grambank
agus1235,aust1307,grambank
agut1237,aust1307,grambank
aheu1239,aust1305,grambank
ahin1234,aust1307,grambank
ahom1240,taik1256,grambank
aime1238,bosa1245,grambank
ainu1240,ainu1252,grambank
aito1238,taik1256,grambank
ajab1235,atla1278,grambank
ajas1235,kres1240,grambank
ajie1238,aust1307,grambank
ajyi1238,araw1281,grambank
akab1249,grea1241,grambank
akaj1239,grea1241,grambank
akan1250,atla1278,grambank
akei1237,aust1307,grambank
akha1245,sino1245,grambank
akka1240,afro1255,grambank
akla1241,aust1307,grambank
akoo1248,atla1278,grambank
akun1241,tupi1275,grambank
alab1237,musk1252,grambank
alab1254,afro1255,grambank
alac1244,otom1299,grambank
alag1248,afro1255,grambank
alam1246,sepi1257,grambank
alba1269,aust1307,grambank
aleu1260,eski1264,grambank
alor1247,aust1307,grambank
aluk1238,drav1251,grambank
alya1239,pama1250,grambank
amah1246,pano1259,grambank
amam1246,goil1242,grambank
amap1240,left1242,grambank
amar1272,aust1307,grambank
amar1274,hara1260,grambank
amas1236,nyim1244,grambank
ambo1250,aust1307,grambank
ambu1247,nduu1242,grambank
amdo1237,sino1245,grambank
amha1245,afro1255,grambank
amii1238,west2434,grambank
amis1246,aust1307,grambank
amri1238,sino1245,grambank
anci1242,indo1319,grambank
anci1244,afro1255,grambank
anei1239,aust1307,grambank
anfi1235,gong1255,grambank
anga1288,sino1245,grambank
anga1290,anga1289,grambank
ango1257,chib1249,grambank
anin1240,gunw1250,grambank
anta1255,aust1307,grambank
anua1242,nilo1247,grambank
anuf1239,atla1278,grambank
anut1237,aust1307,grambank
anuu1241,sino1245,grambank
aona1235,sino1245,grambank
aoua1234,taik1256,grambank
apat1240,sino1245,grambank
apin1244,nucl1710,grambank
apma1240,aust1307,grambank
apma1241,kera1258,grambank
apol1242,araw1281,grambank
apur1254,araw1281,grambank
arab1267,pama1250,grambank
arak1252,aust1307,grambank
aram1253,more1255,grambank
arao1248,pano1259,grambank
arap1274,algi1248,grambank
araw1273,tupi1275,grambank
araw1276,araw1281,grambank
arbo1245,afro1255,grambank
arch1244,nakh1245,grambank
area1240,aust1307,grambank
aree1239,aust1307,grambank
argo1244,afro1255,grambank
arhu1242,chib1249,grambank
arib1241,aust1307,grambank
arig1246,atla1278,grambank
arik1265,nucl1710,grambank
arom1237,indo1319,grambank
arop1242,aust1307,grambank
arop1243,aust1307,grambank
aros1241,aust1307,grambank
arta1239,aust1307,grambank
asha1243,araw1281,grambank
ashe1272,araw1281,grambank
asoa1238,cent2225,grambank
assi1247,siou1252,grambank
asur1254,aust1305,grambank
asut1235,atla1278,grambank
atam1239,pama1250,grambank
atam1240,aust1307,grambank
atay1247,aust1307,grambank
athp1241,sino1245,grambank
atii1237,aust1307,grambank
aton1241,sino1245,grambank
aulu1238,aust1307,grambank
auuu1241,nucl1708,grambank
auye1238,nucl1709,grambank
avac1239,tupi1275,grambank
avat1244,atla1278,grambank
avok1242,cent2225,grambank
awab1243,pama1250,grambank
awac1239,barb1265,grambank
awad1243,indo1319,grambank
awad1244,aust1307,grambank
awap1236,nucl1709,grambank
awar1248,nucl1709,grambank
awar1249,lowe1437,grambank
awet1244,tupi1275,grambank
awji1241,afro1255,grambank
awtu1239,sepi1257,grambank
axam1237,aust1307,grambank
axiy1235,sino1245,grambank
ayac1239,quec1387,grambank
ayiw1239,aust1307,grambank
azha1235,sino1245,grambank
baba1264,atla1278,grambank
baba1266,atla1278,grambank
baba1267,aust1307,grambank
baba1268,aust1307,grambank
babi1235,atha1245,grambank
bada1257,drav1251,grambank
bafa1247,atla1278,grambank
bafi1243,atla1278,grambank
bafu1246,atla1278,grambank
baga1272,atla1278,grambank
baga1273,atla1278,grambank
bagi1246,cent2225,grambank
bagv1239,nakh1245,grambank
baha1259,afro1255,grambank
baha1260,indo1319,grambank
bahi1252,sino1245,grambank
bahn1262,aust1305,grambank
baik1238,aust1307,grambank
baim1244,sino1245,grambank
baka1272,atla1278,grambank
baka1274,cent2225,grambank
baki1244,aust1307,grambank
bala1311,aust1307,grambank
bala1315,aust1307,grambank
bala1316,aust1307,grambank
bali1278,aust1307,grambank
balo1261,atla1278,grambank
balu1257,aust1307,grambank
bamb1262,maoo1243,grambank
bamb1266,atla1278,grambank
bamb1269,mand1469,grambank
bamb1270,aust1307,grambank
bamu1253,atla1278,grambank
bamw1238,atla1278,grambank
bana1288,aust1307,grambank
band1340,atla1278,grambank
band1344,atla1278,grambank
bang1354,atla1278,grambank
bang1369,sino1245,grambank
bani1255,araw1281,grambank
bank1256,atla1278,grambank
bann1247,aust1307,grambank
bant1281,sino1245,grambank
bant1288,aust1307,grambank
bara1357,sino1245,grambank
bara1361,atla1278,grambank
bara1369,aust1307,grambank
bara1370,aust1307,grambank
bara1380,tuca1253,grambank
bard1255,nyul1248,grambank
bare1276,araw1281,grambank
bare1279,afro1255,grambank
barg1252,nucl1709,grambank
bari1286,aust1307,grambank
baro1253,aust1307,grambank
basa1282,atla1278,grambank
basa1287,aust1307,grambank
bash1264,turk1311,grambank
bata1285,atla1278,grambank
bata1289,aust1307,grambank
bata1293,aust1307,grambank
bath1248,afro1255,grambank
bats1242,nakh1245,grambank
batu1257,aust1307,grambank
baur1253,araw1281,grambank
bauz1241,geel1240,grambank
bawm1236,sino1245,grambank
bayb1234,aust1307,grambank
bayo1255,atla1278,grambank
bebe1248,atla1278,grambank
beel1236,afro1255,grambank
beem1239,atla1278,grambank
beja1238,afro1255,grambank
beka1241,aust1307,grambank
bekw1241,atla1278,grambank
bekw1242,atla1278,grambank
bela1254,indo1319,grambank
bela1256,nilo1247,grambank
bela1260,aust1307,grambank
belh1239,sino1245,grambank
beli1257,cent2225,grambank
beli1260,indo1319,grambank
bell1243,sali1255,grambank
belu1239,atla1278,grambank
bemb1257,atla1278,grambank
bena1262,atla1278,grambank
benc1235,gong1255,grambank
beng1282,atla1278,grambank
bent1238,dogo1299,grambank
bera1262,aust1307,grambank
berb1259,indo1319,grambank
berj1234,tung1282,grambank
beta1252,aust1307,grambank
betu1237,drav1251,grambank
bezh1248,nakh1245,grambank
bhoj1244,indo1319,grambank
biaf1240,atla1278,grambank
biak1248,aust1307,grambank
bian1252,goil1242,grambank
biao1253,taik1256,grambank
biao1254,hmon1336,grambank
biao1256,hmon1336,grambank
biat1246,aust1307,grambank
bidy1244,atla1278,grambank
bier1244,aust1307,grambank
bign1238,aust1307,grambank
biha1246,aust1307,grambank
bila1255,atla1278,grambank
bilb1241,aust1307,grambank
bili1250,pama1250,grambank
bili1260,afro1255,grambank
bimi1240,nucl1709,grambank
bina1277,nucl1709,grambank
bine1240,east2503,grambank
bini1246,atla1278,grambank
binu1244,aust1307,grambank
biri1256,pama1250,grambank
birr1240,cent2225,grambank
bisl1239,indo1319,grambank
bisu1244,sino1245,grambank
bitt1240,aust1305,grambank
biwa1243,yuat1252,grambank
blab1237,aust1307,grambank
blan1242,aust1305,grambank
bobo1255,aust1307,grambank
bodo1267,aust1305,grambank
bodo1269,sino1245,grambank
bodo1272,atla1278,grambank
boht1238,afro1255,grambank
boka1249,sino1245,grambank
bola1250,aust1307,grambank
bolg1251,atla1278,grambank
boli1256,aust1307,grambank
bolo1262,atla1278,grambank
boly1239,aust1305,grambank
bomb1262,atla1278,grambank
bomk1234,atla1278,grambank
bona1250,mong1349,grambank
bond1245,aust1305,grambank
bond1247,atla1278,grambank
bong1284,atla1278,grambank
bong1285,cent2225,grambank
bong1289,aust1307,grambank
bora1263,bora1262,grambank
bora1271,afro1255,grambank
bord1248,chib1249,grambank
bori1243,sino1245,grambank
boro1277,gong1255,grambank
boro1282,boro1281,grambank
boru1252,chib1249,grambank
boto1242,aust1307,grambank
boun1243,atla1278,grambank
boun1245,nucl1709,grambank
bouy1240,taik1256,grambank
brah1256,drav1251,grambank
bret1244,indo1319,grambank
brib1243,chib1249,grambank
bube1242,atla1278,grambank
bubi1250,atla1278,grambank
budu1248,nakh1245,grambank
budu1265,afro1255,grambank
budz1238,atla1278,grambank
buga1247,aust1305,grambank
buga1250,aust1307,grambank
bugh1239,aust1307,grambank
bugi1244,aust1307,grambank
bugl1243,chib1249,grambank
bugu1246,sino1245,grambank
buhu1237,aust1307,grambank
bujh1238,sino1245,grambank
buka1257,aust1307,grambank
buki1249,nucl1708,grambank
buku1249,atla1278,grambank
bula1255,pama1250,grambank
bull1247,atla1278,grambank
bulo1242,aust1305,grambank
bulu1251,atla1278,grambank
buna1276,aust1307,grambank
buna1278,timo1261,grambank
bund1253,indo1319,grambank
bunu1267,aust1307,grambank
buol1237,aust1307,grambank
bura1267,mani1293,grambank
bura1292,afro1255,grambank
bure1242,afro1255,grambank
burj1242,afro1255,grambank
buru1303,aust1307,grambank
buru1320,afro1255,grambank
busa1253,mand1469,grambank
bush1247,atla1278,grambank
buta1242,taul1250,grambank
buwa1243,afro1255,grambank
bwai1242,aust1307,grambank
bwat1240,aust1307,grambank
byan1241,sino1245,grambank
caac1237,aust1307,grambank
cabe1245,chib1249,grambank
caca1249,pano1259,grambank
cacu1241,kaku1242,grambank
cahu1264,utoa1244,grambank
cakf1236,afro1255,grambank
cald1236,quec1387,grambank
caml1239,sino1245,grambank
camp1261,indo1319,grambank
cane1242,nucl1710,grambank
caom1238,taik1256,grambank
capa1241,pano1259,grambank
cari1276,aust1307,grambank
carn1240,aust1305,grambank
caro1242,aust1307,grambank
casi1235,aust1307,grambank
cata1286,siou1252,grambank
cavi1250,pano1259,grambank
cebu1242,aust1307,grambank
cemu1238,aust1307,grambank
cent1972,indo1319,grambank
cent1989,aust1305,grambank
cent1990,aust1305,grambank
cent1992,aust1305,grambank
cent2004,sino1245,grambank
cent2050,saha1256,grambank
cent2058,aust1307,grambank
cent2060,aust1307,grambank
cent2084,aust1307,grambank
cent2087,aust1307,grambank
cent2090,aust1307,grambank
cent2091,aust1307,grambank
cent2100,aust1307,grambank
cent2126,japo1237,grambank
cent2127,eski1264,grambank
cent2131,utoa1244,grambank
cent2140,miwo1274,grambank
cent2142,ayma1253,grambank
cent2150,chib1249,grambank
cent2292,aust1307,grambank
cent2314,aust1305,grambank
cent2322,ural1272,grambank
chac1249,barb1265,grambank
chac1251,pano1259,grambank
chad1249,afro1255,grambank
chak1270,sino1245,grambank
chak1271,atla1278,grambank
chal1275,afro1255,grambank
cham1309,nakh1245,grambank
cham1312,aust1307,grambank
cham1315,zamu1243,grambank
cham1318,araw1281,grambank
chan1313,sino1245,grambank
chao1238,sino1245,grambank
char1269,gong1255,grambank
chas1234,sino1245,grambank
chec1245,nakh1245,grambank
chek1238,aust1307,grambank
chen1255,drav1251,grambank
chep1245,sino1245,grambank
cher1273,iroq1247,grambank
chey1247,algi1248,grambank
chhi1245,sino1245,grambank
chib1270,chib1249,grambank
chic1270,musk1252,grambank
chig1238,atla1278,grambank
chil1280,atha1245,grambank
chim1302,quec1387,grambank
chim1309,chib1249,grambank
chim1312,atla1278,grambank
chin1286,chin1490,grambank
chip1241,algi1248,grambank
chip1261,atha1245,grambank
chiq1248,chiq1253,grambank
chir1283,sino1245,grambank
choc1275,sino1245,grambank
choc1276,musk1252,grambank
chol1284,hibi1242,grambank
chon1284,aust1305,grambank
chot1239,sino1245,grambank
chra1242,aust1305,grambank
chug1252,sino1245,grambank
chuj1250,maya1287,grambank
chuk1273,chuk1271,grambank
chuu1238,aust1307,grambank
chuv1255,turk1311,grambank
chuw1238,atla1278,grambank
cici1237,atla1278,grambank
cire1240,aust1307,grambank
cjin1234,aust1307,grambank
clas1249,indo1319,grambank
clas1250,utoa1244,grambank
coat1243,otom1299,grambank
coca1259,tupi1275,grambank
coch1272,coch1271,grambank
coco1260,aust1307,grambank
coeu1236,sali1255,grambank
cogu1240,chib1249,grambank
colo1256,barb1265,grambank
colu1241,sali1255,grambank
coma1245,utoa1244,grambank
como1259,sali1255,grambank
cong1236,atla1278,grambank
coos1249,coos1248,grambank
copa1237,otom1299,grambank
copt1239,afro1255,grambank
cori1240,atla1278,grambank
cors1241,indo1319,grambank
cosa1234,sino1245,grambank
cota1241,aust1307,grambank
cowl1242,sali1255,grambank
cree1270,musk1252,grambank
crim1257,turk1311,grambank
cros1244,atla1278,grambank
crow1244,siou1252,grambank
cuaa1241,aust1305,grambank
cube1242,tuca1253,grambank
culi1244,araw1282,grambank
cupe1243,utoa1244,grambank
curr1243,araw1281,grambank
cusc1236,quec1387,grambank
cuti1242,katu1274,grambank
cypr1248,afro1255,grambank
czec1258,indo1319,grambank
daai1236,sino1245,grambank
daak1235,aust1307,grambank
daas1238,afro1255,grambank
dadi1250,tebe1251,grambank
dagb1246,atla1278,grambank
dagi1241,narr1279,grambank
daha1245,afro1255,grambank
daka1243,aust1307,grambank
damp1237,aust1307,grambank
dana1252,aust1305,grambank
dand1238,drav1251,grambank
dani1285,indo1319,grambank
dara1250,indo1319,grambank
dard1243,daju1249,grambank
darg1241,nakh1245,grambank
darl1243,pama1250,grambank
darm1243,sino1245,grambank
daur1238,mong1349,grambank
dawr1236,gong1255,grambank
daww1239,nada1235,grambank
daza1242,saha1256,grambank
dech1234,sino1245,grambank
defa1248,ijoi1239,grambank
dege1246,atla1278,grambank
dehu1237,aust1307,grambank
dera1245,sena1264,grambank
dera1248,afro1255,grambank
desa1247,tuca1253,grambank
dhao1237,aust1307,grambank
dhar1247,pama1250,grambank
dhar1248,pama1250,grambank
dhim1246,sino1245,grambank
dibo1245,atla1278,grambank
dido1241,nakh1245,grambank
dier1241,pama1250,grambank
diga1241,sino1245,grambank
digo1243,atla1278,grambank
dima1251,sino1245,grambank
dime1235,sout2845,grambank
diri1252,atla1278,grambank
dizi1235,dizo1235,grambank
djam1255,mirn1241,grambank
djam1256,pama1250,grambank
djap1238,pama1250,grambank
djee1236,mani1293,grambank
djeo1235,nucl1710,grambank
djin1251,mirn1241,grambank
djin1253,pama1250,grambank
dobe1238,aust1307,grambank
dobu1241,aust1307,grambank
doma1260,indo1319,grambank
domm1246,nucl1709,grambank
dong1285,mong1349,grambank
doro1266,manu1261,grambank
drun1238,sino1245,grambank
dual1243,atla1278,grambank
dumb1241,aust1307,grambank
dumi1241,sino1245,grambank
dupa1235,aust1307,grambank
dura1244,sino1245,grambank
duru1236,drav1251,grambank
dusn1237,aust1307,grambank
dutc1256,indo1319,grambank
duun1241,pama1250,grambank
dyan1250,pama1250,grambank
dyir1250,pama1250,grambank
dyul1238,mand1469,grambank
dzao1238,hmon1336,grambank
dzon1239,sino1245,grambank
east1236,aust1305,grambank
east2330,aust1305,grambank
east2332,aust1305,grambank
east2333,aust1305,grambank
east2342,sino1245,grambank
east2343,sino1245,grambank
east2379,pama1250,grambank
east2440,aust1307,grambank
east2443,aust1307,grambank
east2447,aust1307,grambank
east2449,aust1307,grambank
east2485,aust1307,grambank
east2516,nucl1709,grambank
east2545,pomo1273,grambank
east2555,tupi1275,grambank
east2556,otom1299,grambank
east2563,aust1307,grambank
east2690,afro1255,grambank
east2694,aust1307,grambank
east2773,sino1245,grambank
east2782,atla1278,grambank
east2851,sino1245,grambank
egaa1242,atla1278,grambank
egyp1253,afro1255,grambank
eipo1242,nucl1709,grambank
ekar1243,nucl1709,grambank
elem1253,atla1278,grambank
elip1238,atla1278,grambank
elmo1238,afro1255,grambank
elna1235,utoa1244,grambank
emae1237,aust1307,grambank
emai1242,atla1278,grambank
embe1260,choc1280,grambank
embe1262,choc1280,grambank
enap1235,cari1283,grambank
enuu1235,sino1245,grambank
epen1239,choc1280,grambank
ersu1241,sino1245,grambank
erzy1239,ural1272,grambank
esan1238,atla1278,grambank
esee1247,koia1260,grambank
esee1248,pano1259,grambank
esim1238,atla1278,grambank
esto1258,ural1272,grambank
eton1253,atla1278,grambank
eude1234,utoa1244,grambank
even1259,tung1282,grambank
even1260,tung1282,grambank
ewee1241,atla1278,grambank
eyak1241,atha1245,grambank
fait1240,nucl1709,grambank
fala1243,sino1245,grambank
fare1241,atla1278,grambank
faro1244,indo1319,grambank
fass1245,baib1250,grambank
fefe1239,atla1278,grambank
fiji1243,aust1307,grambank
fili1244,aust1307,grambank
filo1235,toto1251,grambank
fina1242,aust1307,grambank
finn1310,sign1238,grambank
finn1318,ural1272,grambank
fipa1238,atla1278,grambank
foii1241,east2499,grambank
fonn1241,atla1278,grambank
fore1265,ural1272,grambank
fore1270,nucl1709,grambank
fran1266,mixe1284,grambank
furr1244,fura1235,grambank
furu1242,cent2225,grambank
futu1245,aust1307,grambank
fuyu1242,goil1242,grambank
gaaa1244,atla1278,grambank
gaaa1245,atla1278,grambank
gaam1241,east2386,grambank
gaan1243,afro1255,grambank
gada1258,aust1307,grambank
gade1242,atla1278,grambank
gaga1249,turk1311,grambank
gahr1239,sino1245,grambank
gala1264,afro1255,grambank
gale1259,nort2923,grambank
gali1258,indo1319,grambank
gali1262,cari1283,grambank
galo1242,sino1245,grambank
gamb1251,worr1236,grambank
gamo1243,gong1255,grambank
gana1278,pama1250,grambank
gand1255,atla1278,grambank
gang1266,sino1245,grambank
gang1267,tang1340,grambank
gant1244,nucl1709,grambank
gapa1238,aust1307,grambank
gara1269,garr1260,grambank
gari1256,araw1281,grambank
garo1247,sino1245,grambank
gata1239,aust1305,grambank
gayo1244,aust1307,grambank
gbay1278,atla1278,grambank
gbay1288,kres1240,grambank
geba1237,sino1245,grambank
gebe1237,aust1307,grambank
geda1237,aust1307,grambank
gela1263,aust1307,grambank
geme1244,atla1278,grambank
geru1240,afro1255,grambank
gese1240,aust1307,grambank
ghad1239,afro1255,grambank
ghan1242,aust1307,grambank
ghar1239,aust1307,grambank
gheg1238,indo1319,grambank
ghod1238,nakh1245,grambank
ghom1257,afro1255,grambank
gida1247,afro1255,grambank
giiw1236,afro1255,grambank
gilb1244,aust1307,grambank
gily1242,nivk1234,grambank
gira1247,nucl1709,grambank
giry1241,atla1278,grambank
gizr1240,east2503,grambank
glav1244,afro1255,grambank
gobu1238,atla1278,grambank
goem1240,afro1255,grambank
gofa1235,gong1255,grambank
gogo1265,suki1244,grambank
gola1255,atla1278,grambank
goli1247,nucl1709,grambank
golo1234,atla1278,grambank
goon1238,buna1274,grambank
goro1270,afro1255,grambank
gras1239,ural1272,grambank
gras1249,koia1260,grambank
gros1243,algi1248,grambank
guah1255,guah1252,grambank
guam1248,barb1265,grambank
guan1266,sino1245,grambank
guan1269,tuca1253,grambank
guan1270,araw1281,grambank
guar1293,araw1281,grambank
gube1234,atla1278,grambank
gude1246,afro1255,grambank
guer1241,utoa1244,grambank
guer1243,otom1299,grambank
gugu1253,pama1250,grambank
gugu1255,pama1250,grambank
guhu1244,nucl1709,grambank
guiq1238,sino1245,grambank
gulf1241,afro1255,grambank
guma1254,aust1307,grambank
gumu1244,gumu1250,grambank
gung1248,pama1250,grambank
gunw1252,gunw1250,grambank
guny1241,pama1250,grambank
gura1251,indo1319,grambank
gure1255,pama1250,grambank
guro1248,mand1469,grambank
guru1261,sino1245,grambank
guru1271,afro1255,grambank
gusi1247,atla1278,grambank
guwi1238,worr1236,grambank
gwen1239,atla1278,grambank
gyel1242,atla1278,grambank
haaa1252,atla1278,grambank
hadi1240,afro1255,grambank
haio1238,khoe1240,grambank
hait1244,indo1319,grambank
haka1240,sino1245,grambank
hakk1236,sino1245,grambank
hala1252,aust1305,grambank
halh1238,mong1349,grambank
hali1244,aust1307,grambank
halk1245,sali1255,grambank
hame1242,sout2845,grambank
hang1263,nduu1242,grambank
hani1248,sino1245,grambank
hano1246,aust1307,grambank
haro1237,aust1307,grambank
haru1245,piaw1238,grambank
hass1238,afro1255,grambank
hata1243,hata1242,grambank
haus1257,afro1255,grambank
hava1248,coch1271,grambank
hawa1245,aust1307,grambank
hdii1240,afro1255,grambank
hebr1245,afro1255,grambank
hehe1240,atla1278,grambank
heil1246,waka1280,grambank
here1253,atla1278,grambank
hert1241,afro1255,grambank
hida1246,siou1252,grambank
hier1240,indo1319,grambank
high1243,toto1251,grambank
high1276,mixe1284,grambank
high1278,utoa1244,grambank
hili1240,aust1307,grambank
hind1269,indo1319,grambank
hinu1240,nakh1245,grambank
hixk1239,cari1283,grambank
hlai1239,taik1256,grambank
hler1235,sino1245,grambank
hoaa1235,kxaa1236,grambank
hoav1238,aust1307,grambank
holo1240,atla1278,grambank
homa1239,atla1278,grambank
hone1235,atla1278,grambank
honi1244,sino1245,grambank
hooo1248,aust1305,grambank
hote1245,aust1307,grambank
hozo1236,maoo1243,grambank
huaa1248,tuuu1241,grambank
huaa1250,nucl1709,grambank
hual1240,sino1245,grambank
hual1241,quec1387,grambank
huam1247,jiva1245,grambank
huar1255,utoa1244,grambank
huas1242,maya1287,grambank
huba1236,afro1255,grambank
huic1243,utoa1244,grambank
huih1238,tung1282,grambank
hula1239,aust1307,grambank
hula1244,afro1255,grambank
huli1244,nucl1709,grambank
humb1243,song1307,grambank
hung1274,ural1272,grambank
hung1275,aust1305,grambank
hunz1247,nakh1245,grambank
hupd1244,nada1235,grambank
hurr1240,hurr1239,grambank
huuu1240,aust1305,grambank
hyam1245,atla1278,grambank
iaai1238,aust1307,grambank
iama1237,aust1307,grambank
iatm1242,nduu1242,grambank
ibal1244,aust1307,grambank
iban1264,aust1307,grambank
iban1267,aust1307,grambank
ibat1238,aust1307,grambank
ibib1240,atla1278,grambank
icar1234,nakh1245,grambank
icel1247,indo1319,grambank
idaa1241,aust1307,grambank
idii1243,paho1240,grambank
idom1241,atla1278,grambank
idum1241,sino1245,grambank
idun1242,aust1307,grambank
igna1246,araw1281,grambank
ikem1234,japo1237,grambank
ikkk1242,kuli1252,grambank
ilaa1246,atla1278,grambank
ilia1236,aust1307,grambank
iliu1237,aust1307,grambank
ilok1237,aust1307,grambank
ilon1239,aust1307,grambank
imba1240,quec1387,grambank
imon1245,bord1247,grambank
inap1243,araw1281,grambank
indo1316,aust1307,grambank
ines1240,chum1262,grambank
inga1252,quec1387,grambank
ingr1248,ural1272,grambank
ingu1240,nakh1245,grambank
iqui1243,zapa1251,grambank
irab1238,japo1237,grambank
iran1262,aust1307,grambank
iraq1241,afro1255,grambank
irar1238,aust1307,grambank
iray1237,aust1307,grambank
iris1253,indo1319,grambank
iron1242,indo1319,grambank
irul1244,drav1251,grambank
isco1239,pano1259,grambank
isin1239,aust1307,grambank
isir1237,kwer1242,grambank
isla1278,araw1281,grambank
isna1241,aust1307,grambank
isth1240,utoa1244,grambank
isth1241,utoa1244,grambank
isth1242,utoa1244,grambank
ital1282,indo1319,grambank
itza1241,maya1287,grambank
iumi1238,hmon1336,grambank
ivat1242,aust1307,grambank
iwai1244,iwai1246,grambank
iwal1237,aust1307,grambank
iwam1256,sepi1257,grambank
iyoo1238,nucl1709,grambank
jahh1242,aust1305,grambank
jalk1242,mand1469,grambank
jama1261,araw1282,grambank
jama1262,indo1319,grambank
jamb1236,aust1307,grambank
jams1239,dogo1299,grambank
japa1238,sign1238,grambank
japh1234,sino1245,grambank
jaqa1244,ayma1253,grambank
jara1266,aust1307,grambank
jaru1254,pama1250,grambank
java1254,aust1307,grambank
jede1239,aust1305,grambank
jeha1242,aust1305,grambank
jehh1245,aust1305,grambank
jenn1240,drav1251,grambank
jeru1240,sino1245,grambank
jiba1237,atla1278,grambank
jina1244,afro1255,grambank
jita1239,atla1278,grambank
jjuu1238,atla1278,grambank
juan1238,aust1305,grambank
juho1239,kxaa1236,grambank
juku1254,atla1278,grambank
jurm1239,cent2225,grambank
kaba1278,abkh1242,grambank
kaba1281,cent2225,grambank
kaby1243,afro1255,grambank
kach1280,sino1245,grambank
kach1284,gong1255,grambank
kada1242,drav1251,grambank
kado1242,sino1245,grambank
kafa1242,gong1255,grambank
kaga1256,aust1307,grambank
kagf1238,atla1278,grambank
kagu1239,atla1278,grambank
kaik1246,sino1245,grambank
kain1272,nucl1710,grambank
kair1263,aust1307,grambank
kala1377,pama1250,grambank
kala1384,atla1278,grambank
kala1388,aust1307,grambank
kala1399,eski1264,grambank
kala1400,kala1402,grambank
kali1308,sali1255,grambank
kalk1246,pama1250,grambank
kalm1243,mong1349,grambank
kalu1248,bosa1245,grambank
kama1367,nucl1708,grambank
kama1370,nucl1709,grambank
kama1378,ural1272,grambank
kamb1297,atla1278,grambank
kamb1299,aust1307,grambank
kamb1316,afro1255,grambank
kamm1249,atla1278,grambank
kamo1255,nucl1709,grambank
kamu1260,kamu1264,grambank
kana1286,aust1307,grambank
kana1288,daga1274,grambank
kani1286,nucl1709,grambank
kank1243,aust1307,grambank
kaon1241,atla1278,grambank
kapi1249,aust1307,grambank
kaqc1270,maya1287,grambank
kara1476,pama1250,grambank
kara1482,cent2225,grambank
kara1486,aust1307,grambank
kara1487,aust1307,grambank
kara1499,west2604,grambank
kara1500,nucl1710,grambank
karb1241,sino1245,grambank
kare1338,atla1278,grambank
kari1306,atla1278,grambank
kari1311,tupi1275,grambank
kark1258,pauw1244,grambank
karn1252,aust1307,grambank
kash1277,indo1319,grambank
kask1239,atha1245,grambank
katb1237,aust1307,grambank
kats1235,sino1245,grambank
katu1276,katu1274,grambank
kaul1240,aust1307,grambank
kaur1267,pama1250,grambank
kaur1271,kaur1274,grambank
kava1241,aust1307,grambank
kawa1283,utoa1244,grambank
kawi1241,aust1307,grambank
kaya1315,sino1245,grambank
kaya1319,tang1340,grambank
keap1239,aust1307,grambank
keda1252,aust1307,grambank
keig1242,kadu1256,grambank
kele1255,atla1278,grambank
kele1258,aust1307,grambank
kele1259,aust1307,grambank
kelo1247,timo1261,grambank
kemb1249,aust1307,grambank
keme1240,atla1278,grambank
keng1240,cent2225,grambank
kens1248,aust1305,grambank
kenu1236,nubi1251,grambank
keoo1238,aust1307,grambank
kera1248,atla1278,grambank
kera1255,afro1255,grambank
keri1250,aust1307,grambank
kesa1244,nucl1709,grambank
kett1243,yeni1252,grambank
kgal1244,atla1278,grambank
khak1248,turk1311,grambank
khal1275,sino1245,grambank
kham1282,sino1245,grambank
khan1274,aust1305,grambank
khan1277,sino1245,grambank
khan1278,atla1278,grambank
khar1287,aust1305,grambank
khar1288,sino1245,grambank
khas1269,aust1305,grambank
khez1235,sino1245,grambank
khin1240,nakh1245,grambank
khmu1256,aust1305,grambank
khum1248,sino1245,grambank
khva1239,nakh1245,grambank
kich1262,maya1287,grambank
kiku1240,atla1278,grambank
kile1243,tung1282,grambank
kili1267,aust1307,grambank
kima1244,aust1307,grambank
kima1246,kolo1268,grambank
kimm1245,hmon1336,grambank
kimm1246,atla1278,grambank
kina1250,aust1307,grambank
kinn1249,sino1245,grambank
kiow1266,kiow1265,grambank
kips1239,nilo1247,grambank
kobo1249,nucl1709,grambank
koda1255,drav1251,grambank
koho1244,aust1305,grambank
koir1240,sino1245,grambank
koit1244,koia1260,grambank
koka1244,pama1250,grambank
koko1269,aust1307,grambank
kola1285,aust1307,grambank
kolb1240,atla1278,grambank
kolc1235,atla1278,grambank
kolu1245,aust1307,grambank
komb1274,nucl1709,grambank
komc1235,atla1278,grambank
komi1268,ural1272,grambank
komi1269,ural1272,grambank
komi1270,sino1245,grambank
komo1260,atla1278,grambank
kona1242,east2433,grambank
konk1267,indo1319,grambank
kons1243,afro1255,grambank
kony1248,sino1245,grambank
konz1239,atla1278,grambank
koon1244,atla1278,grambank
koon1245,atla1278,grambank
koor1239,gong1255,grambank
kora1294,nucl1709,grambank
kore1280,kore1284,grambank
kore1283,tuca1253,grambank
kork1243,aust1305,grambank
koro1298,atla1278,grambank
koro1312,nucl1709,grambank
koro1313,sout2948,grambank
korr1238,drav1251,grambank
kosa1249,nucl1709,grambank
kosr1238,aust1307,grambank
kota1263,drav1251,grambank
koti1238,atla1278,grambank
kova1243,nucl1709,grambank
kove1237,aust1307,grambank
koya1251,drav1251,grambank
koyr1240,song1307,grambank
koyr1242,song1307,grambank
koys1242,afro1255,grambank
kren1239,nucl1710,grambank
krim1238,atla1278,grambank
kris1246,skoo1245,grambank
kron1241,kadu1256,grambank
kryt1240,nakh1245,grambank
kuan1247,atla1278,grambank
kuan1248,aust1307,grambank
kuii1252,drav1251,grambank
kuik1246,cari1283,grambank
kuku1273,pama1250,grambank
kuku1280,pama1250,grambank
kulo1237,aust1307,grambank
kulu1253,sino1245,grambank
kuma1276,aust1307,grambank
kuma1280,nucl1709,grambank
kumb1268,pama1250,grambank
kumz1235,indo1319,grambank
kunb1251,gunw1250,grambank
kuni1267,goil1242,grambank
kunj1245,pama1250,grambank
kupa1239,aust1307,grambank
kurr1243,pama1250,grambank
kurt1248,sino1245,grambank
kuru1302,drav1251,grambank
kusa1251,aust1307,grambank
kute1248,atla1278,grambank
kuvi1243,drav1251,grambank
kuyy1240,aust1305,grambank
kwai1243,aust1307,grambank
kwam1249,koma1264,grambank
kwam1252,aust1307,grambank
kwar1239,aust1307,grambank
kweg1241,surm1244,grambank
kwin1241,worr1236,grambank
kwom1262,sepi1257,grambank
kxoe1243,khoe1240,grambank
kyer1238,sino1245,grambank
labe1239,aust1307,grambank
labo1244,aust1307,grambank
labu1248,aust1307,grambank
labu1249,aust1307,grambank
labw1238,nilo1247,grambank
lach1248,taik1256,grambank
lagw1237,afro1255,grambank
lahu1252,sino1245,grambank
lahu1253,sino1245,grambank
laiy1246,aust1307,grambank
lakk1252,nakh1245,grambank
lala1264,atla1278,grambank
lala1268,aust1307,grambank
lama1277,aust1307,grambank
lama1288,afro1255,grambank
lamb1269,indo1319,grambank
lamb1272,atla1278,grambank
lamb1273,aust1307,grambank
lame1260,aust1307,grambank
lamj1247,sino1245,grambank
lamk1238,sino1245,grambank
lamo1244,aust1307,grambank
land1256,atla1278,grambank
lang1320,atla1278,grambank
lang1324,nilo1247,grambank
laoo1244,taik1256,grambank
lara1260,aust1307,grambank
lard1243,tang1340,grambank
lash1243,sino1245,grambank
lati1261,indo1319,grambank
latv1249,indo1319,grambank
lauu1247,aust1307,grambank
lave1248,aust1305,grambank
lave1249,aust1305,grambank
lazz1240,kart1248,grambank
lega1249,atla1278,grambank
lega1250,atla1278,grambank
lele1267,aust1307,grambank
lele1270,aust1307,grambank
lele1276,afro1255,grambank
lemb1266,nucl1709,grambank
leme1238,aust1307,grambank
lena1238,aust1307,grambank
lend1245,cent2225,grambank
leng1259,aust1307,grambank
lepc1244,sino1245,grambank
lese1243,cent2225,grambank
leti1246,aust1307,grambank
lewo1242,aust1307,grambank
lewo1244,aust1307,grambank
lezg1247,nakh1245,grambank
lian1251,sino1245,grambank
libi1244,atla1278,grambank
liby1240,afro1255,grambank
lihi1237,aust1307,grambank
liji1238,atla1278,grambank
lika1243,atla1278,grambank
liki1240,atla1278,grambank
lill1248,sali1255,grambank
limb1266,sino1245,grambank
limo1248,aust1307,grambank
limo1249,indo1319,grambank
ling1263,atla1278,grambank
ling1265,aust1307,grambank
lipo1242,sino1245,grambank
lish1245,afro1255,grambank
lith1251,indo1319,grambank
lito1235,atla1278,grambank
litz1237,aust1307,grambank
livv1243,ural1272,grambank
livv1244,ural1272,grambank
loba1239,atla1278,grambank
logo1259,cent2225,grambank
loka1252,atla1278,grambank
lolo1259,sino1245,grambank
loma1260,mand1469,grambank
lomb1257,indo1319,grambank
long1374,sino1245,grambank
long1395,aust1307,grambank
loni1238,aust1307,grambank
lonw1238,aust1307,grambank
lote1237,aust1307,grambank
loth1237,sino1245,grambank
lotu1250,aust1307,grambank
loup1243,algi1248,grambank
louu1245,aust1307,grambank
lowe1412,aust1307,grambank
lowe1427,sali1255,grambank
lowl1260,tequ1244,grambank
lowl1265,utoa1244,grambank
lozi1239,atla1278,grambank
luan1263,aust1307,grambank
lubu1243,aust1307,grambank
luch1239,atla1278,grambank
ludi1246,ural1272,grambank
lugb1240,cent2225,grambank
lugu1238,atla1278,grambank
luis1253,utoa1244,grambank
lule1254,ural1272,grambank
lumb1249,atla1278,grambank
lumu1239,narr1279,grambank
lunb1237,aust1307,grambank
lund1266,atla1278,grambank
lund1271,aust1307,grambank
luok1236,nilo1247,grambank
luse1252,atla1278,grambank
lush1249,sino1245,grambank
lush1252,sali1255,grambank
lusi1240,aust1307,grambank
luva1239,atla1278,grambank
luya1241,atla1278,grambank
maan1238,aust1307,grambank
maas1239,atla1278,grambank
maba1270,atla1278,grambank
maba1277,maba1274,grambank
maca1259,guah1252,grambank
mace1250,indo1319,grambank
mach1267,araw1281,grambank
maco1239,sali1297,grambank
macu1259,cari1283,grambank
macu1260,tuca1253,grambank
mada1285,aust1307,grambank
madi1260,cent2225,grambank
madn1237,east2374,grambank
maee1241,aust1307,grambank
mafe1237,aust1307,grambank
maga1260,indo1319,grambank
maga1263,aust1307,grambank
magd1235,otom1299,grambank
magu1243,aust1307,grambank
maia1253,nucl1709,grambank
maia1254,nucl1709,grambank
mail1248,mail1249,grambank
maip1246,araw1281,grambank
mais1250,aust1307,grambank
mait1250,indo1319,grambank
maja1242,surm1244,grambank
maka1304,atla1278,grambank
maka1311,aust1307,grambank
makc1235,taik1256,grambank
makh1264,atla1278,grambank
makh1266,atla1278,grambank
mako1251,atla1278,grambank
maku1277,aust1307,grambank
makw1236,atla1278,grambank
mala1463,drav1251,grambank
mala1464,drav1251,grambank
mala1479,aust1307,grambank
mala1481,aust1307,grambank
mala1522,chib1249,grambank
mala1534,aust1307,grambank
male1284,gong1255,grambank
male1289,aust1307,grambank
male1297,chib1249,grambank
malg1251,afro1255,grambank
mali1284,bain1263,grambank
mali1285,otom1299,grambank
malo1243,aust1307,grambank
malt1254,afro1255,grambank
malu1245,aust1307,grambank
mama1275,aust1307,grambank
mamb1294,atla1278,grambank
mamb1296,atla1278,grambank
mamb1306,aust1307,grambank
mamm1241,maya1287,grambank
mamv1243,cent2225,grambank
mana1288,sino1245,grambank
mana1295,aust1307,grambank
mana1298,nduu1242,grambank
mand1415,sino1245,grambank
mand1423,atla1278,grambank
mand1436,mand1469,grambank
mand1440,aust1307,grambank
mang1378,aust1305,grambank
mang1381,mang1423,grambank
mang1394,cent2225,grambank
mang1401,aust1307,grambank
mang1403,aust1307,grambank
mang1404,aust1307,grambank
mang1405,aust1307,grambank
mani1235,east1459,grambank
manm1238,aust1305,grambank
mann1248,mand1469,grambank
mans1260,hata1242,grambank
mans1262,aust1307,grambank
manu1258,aust1307,grambank
maon1241,taik1256,grambank
maor1246,aust1307,grambank
mapo1242,aust1307,grambank
mapu1245,arau1255,grambank
maqu1238,cari1283,grambank
mara1378,indo1319,grambank
mara1379,sino1245,grambank
mara1382,sino1245,grambank
mara1385,mang1423,grambank
mara1386,west2434,grambank
mara1396,tama1329,grambank
mara1399,aust1307,grambank
mara1404,aust1307,grambank
marg1253,pama1250,grambank
marg1265,afro1255,grambank
mari1414,drav1251,grambank
mari1416,sino1245,grambank
mari1424,west2434,grambank
mari1426,aust1307,grambank
mari1428,aust1307,grambank
mari1440,coch1271,grambank
maro1244,aust1307,grambank
mars1254,aust1307,grambank
mart1255,pama1250,grambank
maru1249,sino1245,grambank
maru1252,pano1259,grambank
masa1300,nilo1247,grambank
masa1322,afro1255,grambank
masb1238,aust1307,grambank
mask1242,aust1307,grambank
matb1237,aust1307,grambank
mati1250,aust1307,grambank
mato1252,aust1307,grambank
mats1244,pano1259,grambank
matu1259,atla1278,grambank
matu1261,aust1307,grambank
maun1240,iwai1246,grambank
mauw1238,nucl1709,grambank
maxa1247,nucl1710,grambank
maya1285,misu1242,grambank
mayk1239,pama1250,grambank
mayo1261,atla1278,grambank
mayo1264,utoa1244,grambank
maza1304,afro1255,grambank
mbaa1245,atla1278,grambank
mbal1255,atla1278,grambank
mban1263,atla1278,grambank
mbar1260,afro1255,grambank
mbay1241,cent2225,grambank
mboc1235,atla1278,grambank
mbol1247,atla1278,grambank
mbug1242,atla1278,grambank
mbul1263,aust1307,grambank
mbya1239,tupi1275,grambank
meen1242,surm1244,grambank
mehe1243,sepi1257,grambank
mehi1240,araw1281,grambank
meke1243,aust1307,grambank
mele1247,drav1251,grambank
mele1250,aust1307,grambank
melo1242,gong1255,grambank
melp1238,nucl1709,grambank
mend1266,mand1469,grambank
mend1268,sepi1257,grambank
meng1267,aust1307,grambank
meny1245,anga1289,grambank
mera1242,aust1307,grambank
mere1242,aust1307,grambank
meri1244,east2503,grambank
meru1245,atla1278,grambank
mesc1238,atha1245,grambank
meta1238,atla1278,grambank
meya1236,east1459,grambank
mezo1235,otom1299,grambank
mezq1235,otom1299,grambank
miam1252,algi1248,grambank
mian1256,nucl1709,grambank
mich1245,utoa1244,grambank
midd1327,aust1307,grambank
midd1357,pama1250,grambank
mido1240,nubi1251,grambank
mids1243,atla1278,grambank
miga1249,afro1255,grambank
miju1243,sino1245,grambank
mika1239,musk1252,grambank
mikm1235,algi1248,grambank
mila1245,sino1245,grambank
mill1237,huar1251,grambank
mina1268,aust1307,grambank
mina1276,afro1255,grambank
minh1238,mong1349,grambank
mini1251,aust1307,grambank
mini1256,huit1251,grambank
miri1266,jarr1235,grambank
misi1243,aust1307,grambank
misk1235,misu1242,grambank
miwa1242,worr1236,grambank
mixt1426,otom1299,grambank
miya1266,afro1255,grambank
mlab1235,aust1305,grambank
mlah1239,afro1255,grambank
mmen1238,atla1278,grambank
moba1244,atla1278,grambank
moch1257,maya1287,grambank
moco1246,guai1249,grambank
mode1248,indo1319,grambank
moha1258,iroq1247,grambank
moii1235,west1493,grambank
moke1242,aust1307,grambank
moki1238,aust1307,grambank
mokl1243,aust1307,grambank
mokp1239,atla1278,grambank
moks1248,ural1272,grambank
molo1266,afro1255,grambank
moma1245,tung1282,grambank
mong1338,atla1278,grambank
moni1237,otom1299,grambank
monn1252,aust1305,grambank
mono1270,atla1278,grambank
mono1273,aust1307,grambank
mono1275,utoa1244,grambank
mont1268,algi1248,grambank
monz1249,atla1278,grambank
mopa1243,maya1287,grambank
more1259,utoa1244,grambank
mori1268,aust1307,grambank
mori1269,aust1307,grambank
morm1235,aust1307,grambank
moro1285,heib1242,grambank
moro1287,aust1307,grambank
mort1237,aust1307,grambank
mosi1247,nilo1247,grambank
mota1237,aust1307,grambank
motl1237,aust1307,grambank
motu1246,aust1307,grambank
mouk1239,aust1307,grambank
moun1252,koia1260,grambank
move1241,nucl1709,grambank
moyo1238,sino1245,grambank
mpad1242,afro1255,grambank
mpii1239,sino1245,grambank
mpot1240,atla1278,grambank
mual1241,aust1307,grambank
mudu1239,drav1251,grambank
mudu1242,aust1307,grambank
mull1237,nort1547,grambank
muna1247,aust1307,grambank
munc1235,sino1245,grambank
mund1320,aust1305,grambank
mund1325,atla1278,grambank
mund1326,atla1278,grambank
mund1328,atla1278,grambank
mund1330,tupi1275,grambank
munu1238,worr1236,grambank
murl1244,surm1244,grambank
murr1258,sout2772,grambank
muru1266,pama1250,grambank
muru1274,huit1251,grambank
musa1266,nucl1709,grambank
musg1254,afro1255,grambank
muso1238,aust1307,grambank
muss1246,aust1307,grambank
muth1236,drav1251,grambank
muyu1244,aust1307,grambank
mwag1236,afro1255,grambank
mwan1247,atla1278,grambank
mwan1250,mand1469,grambank
mwer1248,atla1278,grambank
naas1242,sout2948,grambank
naba1256,nucl1709,grambank
nade1244,nada1235,grambank
naka1262,aust1307,grambank
nalc1240,nucl1709,grambank
nali1244,aust1307,grambank
nalo1235,aust1307,grambank
nama1264,khoe1240,grambank
nama1266,more1255,grambank
nama1268,aust1307,grambank
namb1293,more1255,grambank
nami1256,sepi1257,grambank
namu1246,sino1245,grambank
nana1257,tung1282,grambank
nand1266,nilo1247,grambank
nang1262,aust1307,grambank
nant1250,araw1281,grambank
naro1251,aust1307,grambank
narr1259,pama1250,grambank
naru1238,pama1250,grambank
nati1243,atla1278,grambank
nati1244,aust1307,grambank
natu1246,aust1307,grambank
naue1237,aust1307,grambank
naur1243,aust1307,grambank
nava1243,atha1245,grambank
nawu1242,atla1278,grambank
naxi1245,sino1245,grambank
ncan1245,atla1278,grambank
ndam1239,atla1278,grambank
ndam1251,afro1255,grambank
nden1248,atla1278,grambank
ndob1238,atla1278,grambank
ndog1248,atla1278,grambank
ndom1245,kolo1268,grambank
ndun1249,atla1278,grambank
nege1240,aust1307,grambank
negi1245,tung1282,grambank
neha1247,aust1307,grambank
nend1239,nucl1709,grambank
nene1249,ural1272,grambank
neng1238,aust1307,grambank
nenn1238,more1255,grambank
nepa1254,indo1319,grambank
nese1235,aust1307,grambank
newa1246,sino1245,grambank
nezp1238,saha1239,grambank
ngaa1240,pama1250,grambank
ngab1239,chib1249,grambank
ngal1292,gunw1250,grambank
ngal1296,atla1278,grambank
ngam1268,cent2225,grambank
ngan1291,ural1272,grambank
ngan1295,gunw1250,grambank
ngar1283,mirn1241,grambank
ngar1284,worr1236,grambank
ngar1285,worr1236,grambank
ngas1240,afro1255,grambank
ngba1284,atla1278,grambank
ngba1285,atla1278,grambank
ngeq1245,aust1305,grambank
ngge1241,nucl1709,grambank
ngit1239,cent2225,grambank
ngom1268,atla1278,grambank
ngul1236,aust1307,grambank
ngur1261,pama1250,grambank
nhan1238,pama1250,grambank
nhen1239,tupi1275,grambank
nica1252,indo1319,grambank
nige1253,atla1278,grambank
nila1242,atla1278,grambank
nina1238,yano1268,grambank
ning1281,sino1245,grambank
nisg1240,tsim1258,grambank
niua1240,aust1307,grambank
niue1239,aust1307,grambank
niva1238,mata1289,grambank
njan1240,atla1278,grambank
nkon1248,atla1278,grambank
nkor1239,ijoi1239,grambank
noct1238,sino1245,grambank
noku1237,aust1307,grambank
noma1260,atla1278,grambank
noma1263,araw1281,grambank
nonu1241,huit1251,grambank
noon1242,atla1278,grambank
noon1243,atla1278,grambank
nopa1235,otom1299,grambank
nort2671,ural1272,grambank
nort2673,ural1272,grambank
nort2684,aust1305,grambank
nort2690,turk1311,grambank
nort2697,turk1311,grambank
nort2699,drav1251,grambank
nort2701,drav1251,grambank
nort2722,sino1245,grambank
nort2723,sino1245,grambank
nort2724,sino1245,grambank
nort2732,sino1245,grambank
nort2745,yuka1259,grambank
nort2747,hmon1336,grambank
nort2774,atla1278,grambank
nort2775,atla1278,grambank
nort2795,atla1278,grambank
nort2828,aust1307,grambank
nort2836,aust1307,grambank
nort2839,aust1307,grambank
nort2845,aust1307,grambank
nort2847,aust1307,grambank
nort2864,aust1307,grambank
nort2877,aust1307,grambank
nort2885,aust1307,grambank
nort2930,kiwa1251,grambank
nort2938,haid1248,grambank
nort2942,atha1245,grambank
nort2951,maid1262,grambank
nort2952,maid1262,grambank
nort2954,utoa1244,grambank
nort2957,utoa1244,grambank
nort2959,utoa1244,grambank
nort2961,algi1248,grambank
nort2972,choc1280,grambank
nort2980,quec1387,grambank
nort2994,aust1307,grambank
nort3047,afro1255,grambank
nort3139,afro1255,grambank
nort3298,sino1245,grambank
nots1237,aust1307,grambank
nsen1242,atla1278,grambank
nubi1253,afro1255,grambank
nucl1235,indo1319,grambank
nucl1240,atla1278,grambank
nucl1301,turk1311,grambank
nucl1302,kart1248,grambank
nucl1305,drav1251,grambank
nucl1310,sino1245,grambank
nucl1327,limi1242,grambank
nucl1347,atla1278,grambank
nucl1417,atla1278,grambank
nucl1452,momb1255,grambank
nucl1454,yawa1259,grambank
nucl1458,monu1249,grambank
nucl1460,aust1307,grambank
nucl1464,aust1307,grambank
nucl1483,aust1307,grambank
nucl1487,aust1307,grambank
nucl1593,kwom1263,grambank
nucl1594,mair1253,grambank
nucl1595,kwer1242,grambank
nucl1622,anim1240,grambank
nucl1630,koia1260,grambank
nucl1632,sent1261,grambank
nucl1633,nimb1257,grambank
nucl1643,japo1237,grambank
nucl1706,afro1255,grambank
nuer1246,nilo1247,grambank
nugu1242,atla1278,grambank
nukn1238,nucl1709,grambank
nuku1260,aust1307,grambank
nung1282,sino1245,grambank
nupe1254,atla1278,grambank
nusu1239,sino1245,grambank
nuuc1236,waka1280,grambank
nuuu1241,tuuu1241,grambank
nyah1249,aust1305,grambank
nyah1250,aust1305,grambank
nyak1260,atla1278,grambank
nyal1250,atla1278,grambank
nyal1254,aust1307,grambank
nyam1285,afro1255,grambank
nyan1301,pama1250,grambank
nyan1307,atla1278,grambank
nyat1246,atla1278,grambank
nyaw1247,pama1250,grambank
nyig1240,nyul1248,grambank
nyis1236,sino1245,grambank
nyor1246,atla1278,grambank
nyul1247,nyul1248,grambank
nyun1247,pama1250,grambank
nzad1234,atla1278,grambank
nzak1246,atla1278,grambank
nzak1247,atla1278,grambank
obok1239,lake1255,grambank
obom1235,aust1307,grambank
occi1239,indo1319,grambank
ocea1241,aust1307,grambank
ocot1244,otom1299,grambank
ofay1240,nucl1710,grambank
ogam1239,japo1237,grambank
okan1243,sali1255,grambank
okin1246,japo1237,grambank
okoe1238,atla1278,grambank
oksa1245,nucl1709,grambank
okuu1243,atla1278,grambank
olde1238,indo1319,grambank
oldk1249,aust1305,grambank
oldm1242,aust1305,grambank
oldm1243,aust1307,grambank
oloo1241,nucl1708,grambank
olut1240,mixe1284,grambank
omah1247,siou1252,grambank
omba1241,atla1278,grambank
omie1241,koia1260,grambank
omii1238,cent2225,grambank
onaa1245,chon1288,grambank
onge1236,jara1244,grambank
onon1246,iroq1247,grambank
onto1237,aust1307,grambank
opat1246,utoa1244,grambank
oriy1255,indo1319,grambank
orma1241,afro1255,grambank
oroc1248,tung1282,grambank
oroh1237,aust1307,grambank
orok1265,tung1282,grambank
orok1266,atla1278,grambank
orok1267,nucl1580,grambank
orok1269,nucl1709,grambank
orow1242,aust1307,grambank
orya1242,toro1256,grambank
osam1235,atla1278,grambank
otor1240,heib1242,grambank
otta1242,algi1248,grambank
owaa1237,aust1307,grambank
paaa1242,afro1255,grambank
paam1238,aust1307,grambank
paas1238,atla1278,grambank
paco1243,aust1305,grambank
pagi1243,atla1278,grambank
pagu1249,nort2923,grambank
pahn1237,hmon1336,grambank
pait1244,sino1245,grambank
paiw1248,aust1307,grambank
pala1344,aust1307,grambank
pali1279,araw1281,grambank
pamb1243,atla1278,grambank
pamo1252,aust1307,grambank
pamp1243,aust1307,grambank
pana1305,utoa1244,grambank
pana1307,nucl1710,grambank
pang1287,atla1278,grambank
pang1290,aust1307,grambank
pang1291,aust1307,grambank
panj1256,indo1319,grambank
pano1254,pano1259,grambank
pano1255,pano1259,grambank
pany1241,pama1250,grambank
papa1238,toto1251,grambank
papa1265,aust1307,grambank
papa1268,aust1307,grambank
papi1254,aust1307,grambank
papu1250,aust1307,grambank
para1301,aust1305,grambank
para1302,sino1245,grambank
para1311,tupi1275,grambank
para1316,araw1281,grambank
pare1266,aust1305,grambank
pare1272,araw1281,grambank
pate1247,aust1307,grambank
patp1243,aust1307,grambank
patt1248,sino1245,grambank
paul1238,aust1307,grambank
paun1241,araw1281,grambank
pawn1254,cadd1255,grambank
payn1244,nucl1709,grambank
pech1241,chib1249,grambank
peer1241,atla1278,grambank
pela1242,sino1245,grambank
pemo1248,cari1283,grambank
pend1242,aust1307,grambank
peng1244,drav1251,grambank
penr1237,aust1307,grambank
peri1253,mong1349,grambank
phai1238,aust1305,grambank
phak1238,taik1256,grambank
phoe1239,afro1255,grambank
phom1236,sino1245,grambank
phon1246,aust1305,grambank
piap1246,araw1281,grambank
pich1237,araw1281,grambank
piji1239,indo1319,grambank
pila1245,guai1249,grambank
pile1238,aust1307,grambank
pima1248,utoa1244,grambank
pina1252,piaw1238,grambank
ping1243,aust1307,grambank
pint1250,pama1250,grambank
pipi1250,utoa1244,grambank
pite1240,ural1272,grambank
pitt1247,pama1250,grambank
plai1258,algi1248,grambank
plat1254,aust1307,grambank
plau1238,indo1319,grambank
pnar1238,aust1305,grambank
pohn1238,aust1307,grambank
poko1263,nilo1247,grambank
poli1260,indo1319,grambank
poly1242,aust1307,grambank
popt1235,maya1287,grambank
port1283,indo1319,grambank
port1285,aust1307,grambank
pott1240,drav1251,grambank
poya1241,pano1259,grambank
pras1239,indo1319,grambank
psik1239,afro1255,grambank
puka1242,aust1307,grambank
pula1262,atla1278,grambank
pula1263,atla1278,grambank
pulu1242,aust1307,grambank
puma1239,sino1245,grambank
puni1241,afro1255,grambank
puoc1238,aust1305,grambank
pure1242,tara1323,grambank
puri1258,sino1245,grambank
puyu1239,aust1307,grambank
qanj1241,maya1287,grambank
qaqe1238,bain1263,grambank
qaua1234,taik1256,grambank
qawa1238,kawe1237,grambank
qima1242,afro1255,grambank
quap1242,siou1252,grambank
quer1236,otom1299,grambank
quey1238,sino1245,grambank
quil1240,chim1311,grambank
quio1240,otom1299,grambank
rabh1238,sino1245,grambank
rade1240,aust1307,grambank
raji1240,sino1245,grambank
rama1270,chib1249,grambank
ramo1244,aust1307,grambank
rapa1244,aust1307,grambank
rapa1245,aust1307,grambank
rapo1238,nort2933,grambank
raro1241,aust1307,grambank
rata1244,aust1307,grambank
raut1239,sino1245,grambank
rawa1267,nucl1709,grambank
reja1241,aust1307,grambank
remb1250,aust1307,grambank
remo1247,aust1307,grambank
rend1243,afro1255,grambank
reng1252,aust1305,grambank
renn1242,aust1307,grambank
rere1240,aust1307,grambank
resi1247,araw1281,grambank
reye1240,pano1259,grambank
rian1263,kolo1268,grambank
rikb1245,nucl1710,grambank
rita1239,pama1250,grambank
roma1326,indo1319,grambank
romb1245,aust1307,grambank
rong1264,sino1245,grambank
rong1266,sino1245,grambank
ronn1241,afro1255,grambank
roto1249,nort2933,grambank
rotu1241,aust1307,grambank
rovi1238,aust1307,grambank
ruch1235,aust1305,grambank
ruka1240,aust1307,grambank
ruma1248,aust1305,grambank
rumu1243,tura1263,grambank
rund1243,aust1307,grambank
rung1258,maba1274,grambank
rung1259,aust1307,grambank
russ1263,indo1319,grambank
russ1264,mong1349,grambank
rutu1240,nakh1245,grambank
saaa1240,aust1307,grambank
saaa1241,aust1307,grambank
saam1283,atla1278,grambank
saar1237,aust1307,grambank
saba1263,aust1307,grambank
saba1267,aust1307,grambank
saba1268,namb1299,grambank
sabu1255,aust1307,grambank
safw1238,atla1278,grambank
saga1262,atla1278,grambank
sais1237,aust1307,grambank
saka1289,aust1307,grambank
saka1291,aust1307,grambank
saki1247,aust1307,grambank
saki1248,tupi1275,grambank
salt1242,nucl1709,grambank
samb1305,atla1278,grambank
samb1311,atla1278,grambank
samo1303,east2433,grambank
samo1305,aust1307,grambank
sana1295,afro1255,grambank
sana1297,indo1319,grambank
sanb1241,otom1299,grambank
sanb1242,chib1249,grambank
sand1278,huav1256,grambank
sang1321,sino1245,grambank
sang1330,atla1278,grambank
sang1331,atla1278,grambank
sani1269,sino1245,grambank
sanj1284,otom1299,grambank
sanm1289,quec1387,grambank
sanm1295,otom1299,grambank
sanm1301,otom1299,grambank
sant1410,aust1305,grambank
sant1436,otom1299,grambank
sant1451,otom1299,grambank
sanu1240,yano1268,grambank
sapo1253,aust1307,grambank
sapu1248,aust1305,grambank
sara1321,cent2225,grambank
sara1327,aust1307,grambank
sara1331,araw1281,grambank
sara1340,indo1319,grambank
sars1236,atha1245,grambank
sasa1249,aust1307,grambank
sata1237,aust1307,grambank
sauk1252,nucl1709,grambank
saur1249,drav1251,grambank
saya1246,afro1255,grambank
seco1242,utoa1244,grambank
seda1262,aust1305,grambank
seim1238,aust1307,grambank
seke1241,aust1307,grambank
sekp1241,atla1278,grambank
sela1259,aust1307,grambank
sela1260,aust1307,grambank
sele1249,atla1278,grambank
sele1250,nucl1709,grambank
sema1265,aust1305,grambank
sema1266,aust1305,grambank
seme1247,aust1305,grambank
sene1264,iroq1247,grambank
seng1281,aust1307,grambank
serr1255,utoa1244,grambank
seve1240,algi1248,grambank
sgaw1245,sino1245,grambank
sham1280,atla1278,grambank
shan1283,pano1259,grambank
shas1239,shas1238,grambank
shaw1249,algi1248,grambank
shee1238,hmon1336,grambank
shek1245,dizo1235,grambank
sher1257,sino1245,grambank
sher1258,atla1278,grambank
shil1265,nilo1247,grambank
ship1254,pano1259,grambank
shix1238,sino1245,grambank
shol1240,drav1251,grambank
shon1251,atla1278,grambank
shor1247,turk1311,grambank
shos1248,utoa1244,grambank
shua1257,jiva1245,grambank
shwe1236,aust1305,grambank
siar1238,aust1307,grambank
siaw1243,amto1249,grambank
sibe1251,tung1282,grambank
sich1238,sino1245,grambank
sici1248,indo1319,grambank
sici1249,atla1278,grambank
sida1246,afro1255,grambank
siee1239,aust1307,grambank
sier1248,utoa1244,grambank
sier1250,otom1299,grambank
sika1261,aust1307,grambank
siks1238,algi1248,grambank
siku1242,aust1307,grambank
sile1255,nucl1709,grambank
simb1256,aust1307,grambank
sina1266,aust1307,grambank
sing1264,sino1245,grambank
sini1242,mand1469,grambank
sion1247,tuca1253,grambank
sioo1240,aust1307,grambank
sira1267,aust1307,grambank
siri1273,tupi1275,grambank
siri1274,tuca1253,grambank
siro1249,nucl1709,grambank
sirz1237,nakh1245,grambank
sisi1250,aust1307,grambank
situ1238,sino1245,grambank
siwa1245,sout2948,grambank
siwi1239,afro1255,grambank
siwu1238,atla1278,grambank
siyi1240,sino1245,grambank
skol1241,ural1272,grambank
slov1268,indo1319,grambank
sobe1238,aust1307,grambank
soch1239,otom1299,grambank
soga1242,atla1278,grambank
soli1239,atla1278,grambank
soma1255,afro1255,grambank
soni1259,mand1469,grambank
sons1242,aust1307,grambank
sooo1254,aust1305,grambank
sooo1256,kuli1252,grambank
sora1254,aust1305,grambank
sout1528,indo1319,grambank
sout1549,drav1251,grambank
sout2649,indo1319,grambank
sout2674,ural1272,grambank
sout2715,sino1245,grambank
sout2728,sino1245,grambank
sout2729,sino1245,grambank
sout2730,sino1245,grambank
sout2741,taik1256,grambank
sout2782,atla1278,grambank
sout2797,atla1278,grambank
sout2807,atla1278,grambank
sout2826,krua1234,grambank
sout2856,aust1307,grambank
sout2857,aust1307,grambank
sout2859,aust1307,grambank
sout2869,aust1307,grambank
sout2895,aust1307,grambank
sout2896,aust1307,grambank
sout2912,aust1307,grambank
sout2918,aust1307,grambank
sout2949,kiwa1251,grambank
sout2954,japo1237,grambank
sout2956,haid1248,grambank
sout2959,atha1245,grambank
sout2976,utoa1244,grambank
sout2985,miwo1274,grambank
sout2989,leng1261,grambank
sout2994,namb1299,grambank
sout2996,ayma1253,grambank
sout3236,gumu1250,grambank
sout3262,ural1272,grambank
sril1245,aust1307,grambank
stan1289,indo1319,grambank
stan1290,indo1319,grambank
stan1293,indo1319,grambank
stan1306,aust1307,grambank
stan1318,afro1255,grambank
suab1238,inan1242,grambank
suba1238,atla1278,grambank
suda1237,afro1255,grambank
sude1239,aust1307,grambank
suen1241,nucl1709,grambank
suku1259,atla1278,grambank
suku1261,atla1278,grambank
suku1272,afro1255,grambank
sumi1235,sino1245,grambank
sund1252,aust1307,grambank
sunw1242,sino1245,grambank
supy1237,atla1278,grambank
surg1248,ural1272,grambank
surs1246,aust1307,grambank
suru1261,tupi1275,grambank
suru1262,tupi1275,grambank
susu1250,mand1469,grambank
swah1253,atla1278,grambank
swed1254,indo1319,grambank
taba1263,nort2923,grambank
tafi1243,atla1278,grambank
taga1270,aust1307,grambank
taga1272,aust1307,grambank
tagb1258,aust1307,grambank
tagi1241,sino1245,grambank
tago1246,rash1249,grambank
tagw1240,atla1278,grambank
taha1241,afro1255,grambank
tahi1242,aust1307,grambank
taib1242,sino1245,grambank
tain1253,anga1289,grambank
tain1254,araw1281,grambank
taji1246,aust1307,grambank
taki1248,aust1307,grambank
taku1257,aust1307,grambank
tali1259,aust1307,grambank
tama1331,tama1329,grambank
tama1365,afro1255,grambank
tamb1254,aust1307,grambank
tami1289,drav1251,grambank
tami1290,aust1307,grambank
tane1237,aust1307,grambank
tang1334,sino1245,grambank
tang1336,sino1245,grambank
tang1347,aust1307,grambank
tang1348,aust1307,grambank
tang1373,sino1245,grambank
tang1377,sino1245,grambank
tani1257,tuca1253,grambank
tanz1241,atla1278,grambank
tara1313,sino1245,grambank
tara1319,japo1237,grambank
tari1256,araw1281,grambank
tari1263,afro1255,grambank
taro1264,aust1307,grambank
tata1255,turk1311,grambank
tata1257,aust1307,grambank
tata1258,otom1299,grambank
taul1251,taul1250,grambank
taus1251,aust1307,grambank
tauy1241,nucl1709,grambank
tawa1275,aust1307,grambank
tawa1286,afro1255,grambank
taya1257,afro1255,grambank
tbol1240,aust1307,grambank
tean1237,aust1307,grambank
teda1241,saha1256,grambank
tedi1235,sino1245,grambank
tega1236,rash1249,grambank
tehu1242,chon1288,grambank
teiw1235,timo1261,grambank
teke1275,atla1278,grambank
tekt1235,maya1287,grambank
tele1256,nucl1709,grambank
telu1262,drav1251,grambank
tema1239,utoa1244,grambank
temb1272,atla1278,grambank
temi1246,aust1305,grambank
temo1245,otom1299,grambank
temp1235,aust1307,grambank
tene1248,dogo1299,grambank
teng1272,aust1307,grambank
tenn1246,surm1244,grambank
teop1238,aust1307,grambank
tepe1278,utoa1244,grambank
tera1251,afro1255,grambank
tere1278,sout2948,grambank
tere1281,araw1281,grambank
teri1250,chib1249,grambank
term1237,aust1307,grambank
tern1247,nort2923,grambank
tete1251,utoa1244,grambank
tetu1245,aust1307,grambank
tetu1246,aust1307,grambank
teun1241,aust1307,grambank
tezo1238,otom1299,grambank
thad1238,sino1245,grambank
thai1261,taik1256,grambank
thak1245,sino1245,grambank
than1259,sino1245,grambank
thao1240,aust1307,grambank
thar1283,atla1278,grambank
thay1249,pama1250,grambank
thir1234,utoa1244,grambank
thul1246,sino1245,grambank
thur1254,pama1250,grambank
tibe1272,sino1245,grambank
tibe1274,atla1278,grambank
ticu1245,ticu1244,grambank
tido1248,nort2923,grambank
tief1242,atla1278,grambank
tief1244,atla1278,grambank
tien1242,atla1278,grambank
tiga1245,aust1307,grambank
tigo1236,atla1278,grambank
tika1246,atla1278,grambank
tiko1237,aust1307,grambank
tilu1238,sino1245,grambank
tima1241,katl1246,grambank
timn1235,atla1278,grambank
timu1262,aust1307,grambank
tina1248,aust1307,grambank
tira1254,heib1242,grambank
tiri1258,aust1307,grambank
tiri1261,aust1307,grambank
tiru1241,aust1307,grambank
tita1241,aust1307,grambank
tivv1240,atla1278,grambank
toab1237,aust1307,grambank
toar1246,nucl1580,grambank
toba1268,leng1261,grambank
tobe1252,nort2923,grambank
toda1252,drav1251,grambank
toho1245,utoa1244,grambank
tojo1241,maya1287,grambank
toke1240,aust1307,grambank
tokp1240,indo1319,grambank
toll1241,jica1245,grambank
tolo1255,aust1307,grambank
toma1245,mand1469,grambank
tomb1244,aust1307,grambank
tomm1242,dogo1299,grambank
tond1249,song1307,grambank
tong1308,aust1305,grambank
tong1318,atla1278,grambank
tong1325,aust1307,grambank
tong1329,utoa1244,grambank
toor1238,atla1278,grambank
tora1259,aust1307,grambank
torr1261,indo1319,grambank
tosk1239,indo1319,grambank
tote1238,atla1278,grambank
toto1302,sino1245,grambank
trin1274,araw1281,grambank
trio1238,cari1283,grambank
tsam1247,afro1255,grambank
tsat1238,aust1307,grambank
tsha1245,sino1245,grambank
tsis1238,atla1278,grambank
tsix1234,khoe1240,grambank
tsog1243,atla1278,grambank
tson1249,atla1278,grambank
tsou1248,aust1307,grambank
tswa1253,atla1278,grambank
tswa1255,atla1278,grambank
tuba1278,utoa1244,grambank
tuca1252,tuca1253,grambank
tuge1241,nilo1247,grambank
tugu1245,aust1307,grambank
tuka1248,aust1307,grambank
tuki1240,atla1278,grambank
tula1252,atla1278,grambank
tule1245,yoku1255,grambank
tulu1258,drav1251,grambank
tuml1238,aust1307,grambank
tumu1242,atla1278,grambank
tune1261,atla1278,grambank
tung1290,aust1307,grambank
tunn1238,afro1255,grambank
tupi1273,tupi1275,grambank
turk1303,turk1311,grambank
turk1304,turk1311,grambank
turk1308,nilo1247,grambank
tusc1257,iroq1247,grambank
tutu1241,aust1307,grambank
tuva1244,aust1307,grambank
tuvi1240,turk1311,grambank
tuwa1243,aust1307,grambank
tuwu1238,atla1278,grambank
tver1240,ural1272,grambank
twan1247,sali1255,grambank
ubir1237,aust1307,grambank
ubyk1235,abkh1242,grambank
udih1248,tung1282,grambank
udii1243,nakh1245,grambank
uduk1239,koma1264,grambank
ugar1238,afro1255,grambank
ughe1237,aust1307,grambank
ugon1239,sino1245,grambank
ukaa1243,atla1278,grambank
ukra1253,indo1319,grambank
ulch1241,tung1282,grambank
ulit1238,aust1307,grambank
ulwa1239,misu1242,grambank
umaa1242,aust1307,grambank
uman1240,daga1274,grambank
umbu1257,atla1278,grambank
umbu1258,nucl1709,grambank
umes1235,ural1272,grambank
umii1235,worr1236,grambank
umot1240,boro1281,grambank
unaa1239,nucl1709,grambank
unea1237,aust1307,grambank
unua1237,aust1307,grambank
uppe1275,toto1251,grambank
uppe1427,aust1307,grambank
uppe1439,sali1255,grambank
uraa1244,sino1245,grambank
urak1238,aust1307,grambank
urav1235,aust1307,grambank
urim1252,nucl1708,grambank
urip1239,aust1307,grambank
urni1239,giim1238,grambank
urua1242,aust1307,grambank
uruu1244,uruc1242,grambank
usan1239,nucl1709,grambank
utes1238,utoa1244,grambank
uuuu1243,aust1305,grambank
vano1237,aust1307,grambank
veps1250,ural1272,grambank
vera1241,aust1307,grambank
viem1243,atla1278,grambank
viet1252,aust1305,grambank
vinm1237,aust1307,grambank
voro1241,ural1272,grambank
voti1245,ural1272,grambank
vunj1238,atla1278,grambank
vure1239,aust1307,grambank
vwan1235,atla1278,grambank
waga1260,pama1250,grambank
waig1244,aust1307,grambank
waim1251,aust1307,grambank
waim1252,aust1307,grambank
waim1253,cari1283,grambank
waiw1244,cari1283,grambank
waja1257,pama1250,grambank
waja1259,atla1278,grambank
wala1266,aust1307,grambank
wall1257,aust1307,grambank
walm1241,pama1250,grambank
wamb1257,sino1245,grambank
wamb1258,mirn1241,grambank
wamb1259,nucl1709,grambank
wand1267,aust1307,grambank
wand1278,afro1255,grambank
wang1291,pama1250,grambank
wanm1242,pama1250,grambank
wann1242,mand1469,grambank
wapi1253,araw1281,grambank
wapp1239,yuki1242,grambank
wara1292,atla1278,grambank
wara1294,more1255,grambank
wara1300,aust1307,grambank
ward1246,yang1287,grambank
ware1253,aust1307,grambank
ware1255,araw1281,grambank
wari1268,chap1271,grambank
warj1242,aust1305,grambank
warl1254,pama1250,grambank
warl1255,pama1250,grambank
warl1256,pama1250,grambank
waro1242,aust1307,grambank
warr1255,pama1250,grambank
warr1258,nyul1248,grambank
waru1264,pama1250,grambank
waru1265,pama1250,grambank
wask1241,nucl1709,grambank
wath1238,pama1250,grambank
waur1244,araw1281,grambank
wawa1246,atla1278,grambank
waya1268,aust1307,grambank
waya1269,cari1283,grambank
wayu1241,sino1245,grambank
wayu1243,araw1281,grambank
weda1241,aust1307,grambank
wels1247,indo1319,grambank
weri1253,goil1242,grambank
west2354,indo1319,grambank
west2369,indo1319,grambank
west2386,indo1319,grambank
west2392,ural1272,grambank
west2396,aust1305,grambank
west2397,aust1305,grambank
west2415,sino1245,grambank
west2417,sino1245,grambank
west2418,sino1245,grambank
west2430,hmon1336,grambank
west2441,pama1250,grambank
west2466,atla1278,grambank
west2516,aust1307,grambank
west2538,aust1307,grambank
west2548,aust1307,grambank
west2555,aust1307,grambank
west2557,aust1307,grambank
west2560,aust1307,grambank
west2564,aust1307,grambank
west2594,nucl1709,grambank
west2599,nucl1709,grambank
west2600,nort2923,grambank
west2615,atha1245,grambank
west2618,eski1264,grambank
west2624,utoa1244,grambank
west2632,kere1287,grambank
west2635,maya1287,grambank
west2644,otom1299,grambank
west2650,aust1307,grambank
west2763,afro1255,grambank
west2778,utoa1244,grambank
whit1269,aust1307,grambank
wikm1247,pama1250,grambank
wila1240,worr1236,grambank
winj1235,worr1236,grambank
wint1259,wint1258,grambank
wira1262,pama1250,grambank
wira1265,pama1250,grambank
woii1237,aust1307,grambank
woiw1237,pama1250,grambank
wola1242,gong1255,grambank
wola1253,afro1255,grambank
wole1240,aust1307,grambank
woli1241,aust1307,grambank
woly1239,worr1236,grambank
wood1236,algi1248,grambank
worr1237,worr1236,grambank
wotu1240,aust1307,grambank
woun1238,choc1280,grambank
wuch1236,sino1245,grambank
wudi1238,sino1245,grambank
wuna1249,worr1236,grambank
wurl1240,worr1236,grambank
wusa1235,sino1245,grambank
wutu1241,sino1245,grambank
wuvu1239,aust1307,grambank
wyan1247,iroq1247,grambank
xamt1239,afro1255,grambank
xara1244,aust1307,grambank
xava1240,nucl1710,grambank
xhos1239,atla1278,grambank
xinc1242,xinc1237,grambank
xinc1243,xinc1237,grambank
xinc1246,xinc1237,grambank
xink1235,xinc1237,grambank
xish1235,sino1245,grambank
xokl1240,nucl1710,grambank
yaak1241,afro1255,grambank
yabe1254,aust1307,grambank
yaey1239,japo1237,grambank
yagu1244,peba1241,grambank
yaka1269,atla1278,grambank
yaka1272,atla1278,grambank
yaka1277,aust1307,grambank
yaki1237,saha1239,grambank
yakk1236,sino1245,grambank
yako1252,atla1278,grambank
yaku1245,turk1311,grambank
yala1262,pama1250,grambank
yala1266,aust1307,grambank
yami1254,aust1307,grambank
yami1256,pano1259,grambank
yamp1242,sino1245,grambank
yand1253,pama1250,grambank
yane1238,araw1281,grambank
yank1247,pama1250,grambank
yano1261,yano1268,grambank
yano1262,yano1268,grambank
yany1243,pama1250,grambank
yaoo1241,atla1278,grambank
yaou1238,mand1469,grambank
yape1248,aust1307,grambank
yapu1240,nucl1708,grambank
yaqu1251,utoa1244,grambank
yare1248,yare1250,grambank
yasa1242,atla1278,grambank
yatz1235,otom1299,grambank
yaul1241,kera1258,grambank
yaum1237,nucl1709,grambank
yavi1244,araw1281,grambank
yawa1260,pano1259,grambank
yawa1261,araw1281,grambank
yawi1239,worr1236,grambank
yawu1244,nyul1248,grambank
yayg1236,pama1250,grambank
yecu1235,toto1251,grambank
yems1235,gong1255,grambank
yess1239,sepi1257,grambank
yeyi1239,atla1278,grambank
yidi1250,pama1250,grambank
yima1243,lowe1437,grambank
yinc1238,aust1305,grambank
yind1247,pama1250,grambank
yind1248,pama1250,grambank
yine1238,araw1281,grambank
ying1247,pama1250,grambank
yoga1237,aust1307,grambank
yoku1256,yoku1255,grambank
yona1241,japo1237,grambank
yong1270,sino1245,grambank
yong1276,taik1256,grambank
yong1280,nucl1709,grambank
yora1241,pano1259,grambank
yort1237,pama1250,grambank
youl1235,sino1245,grambank
youn1235,hmon1336,grambank
yuca1254,maya1287,grambank
yucu1253,araw1281,grambank
yuec1235,sino1245,grambank
yuki1243,yuki1242,grambank
yukp1241,cari1283,grambank
yulp1239,pama1250,grambank
yulu1243,cent2225,grambank
yuqu1240,tupi1275,grambank
yuro1248,algi1248,grambank
yuwa1242,pama1250,grambank
zaba1237,aust1307,grambank
zaca1241,utoa1244,grambank
zaca1242,otom1299,grambank
zagh1240,saha1256,grambank
zaiw1241,sino1245,grambank
zakh1243,sino1245,grambank
zamb1245,atla1278,grambank
zand1248,atla1278,grambank
zani1235,otom1299,grambank
zapa1253,zapa1251,grambank
zarm1239,song1307,grambank
zaye1235,sino1245,grambank
zays1235,gong1255,grambank
zeme1240,sino1245,grambank
zenz1235,otom1299,grambank
zhab1238,sino1245,grambank
zigu1244,atla1278,grambank
zinz1238,atla1278,grambank
zoog1238,otom1299,grambank
zulg1242,afro1255,grambank
zulu1248,atla1278,grambank
aari1239,Afro-Asiatic,wals
abid1235,Niger-Congo,wals
abun1252,Abun,wals
west2630,Algic,wals
abaz1241,Northwest Caucasian,wals
adam1238,other,wals
adio1239,Niger-Congo,wals
ando1256,Andoke,wals
adyg1241,Northwest Caucasian,wals
adyg1241,Northwest Caucasian,wals
afri1274,Indo-European,wals
agar1252,Trans-New Guinea,wals
legb1242,Niger-Congo,wals
aghu1253,Nakh-Daghestanian,wals
ango1258,other,wals
angu1242,Pama-Nyungan,wals
agua1252,Mayan,wals
ahte1237,Na-Dene,wals
aika1237,Aikaná,wals
apro1235,Niger-Congo,wals
akac1240,Great Andamanese,wals
akak1252,Great Andamanese,wals
marm1234,Sino-Tibetan,wals
arik1262,Caddoan,wals
akaw1239,Cariban,wals
alle1238,Huarpe,wals
alla1248,Niger-Congo,wals
algo1255,Algic,wals
alun1238,Austronesian,wals
alse1251,Oregon Coast,wals
swis1247,Indo-European,wals
alut1245,Chukotko-Kamchatkan,wals
alaw1244,Mangarrayi-Maran,wals
bata1292,Austronesian,wals
amel1241,Trans-New Guinea,wals
aman1265,Border,wals
amoo1242,Niger-Congo,wals
amba1265,Austronesian,wals
moro1292,Afro-Asiatic,wals
anam1248,Trans-New Guinea,wals
anem1249,Anêm,wals
ango1254,Senagi,wals
anii1246,Khoe-Kwadi,wals
andi1255,Nakh-Daghestanian,wals
mufi1238,Torricelli,wals
sout3123,Afro-Asiatic,wals
safe1240,Trans-New Guinea,wals
jica1244,Na-Dene,wals
apuc1241,Great Andamanese,wals
apal1257,Cariban,wals
arab1268,Zaparoan,wals
aran1237,South Bird's Head,wals
hija1235,Afro-Asiatic,wals
meso1252,Afro-Asiatic,wals
sout3123,Afro-Asiatic,wals
homs1234,Indo-European,wals
adyg1241,Northwest Caucasian,wals
amer1248,other,wals
cent2117,Asmat-Kamrau Bay,wals
sout2694,Altaic,wals
assa1263,Indo-European,wals
astu1245,Indo-European,wals
toca1235,Tupian,wals
aral1243,Austronesian,wals
atik1240,Algic,wals
atak1252,Atakapa,wals
kunz1244,Kunza,wals
paci1278,Eskimo-Aleut,wals
atsu1245,Hokan,wals
tuni1259,Afro-Asiatic,wals
aust1271,other,wals
awiy1238,Trans-New Guinea,wals
avar1256,Nakh-Daghestanian,wals
avik1243,Niger-Congo,wals
akwa1248,Niger-Congo,wals
awng1244,Afro-Asiatic,wals
awyi1241,Border,wals
akhv1239,Nakh-Daghestanian,wals
anyi1245,Niger-Congo,wals
ainu1251,Altaic,wals
ayom1234,Jirajaran,wals
ayor1240,Zamucoan,wals
sout2697,Altaic,wals
veng1238,Niger-Congo,wals
wadj1254,Wandjiginy,wals
bade1248,Afro-Asiatic,wals
xiri1243,Arawakan,wals
indo1317,Austronesian,wals
bana1305,Afro-Asiatic,wals
bari1284,Eastern Sudanic,wals
basa1284,Niger-Congo,wals
bata1301,Austronesian,wals
bauu1244,Trans-New Guinea,wals
band1339,Pama-Nyungan,wals
tach1249,Afro-Asiatic,wals
badi1246,Pama-Nyungan,wals
budu1250,Niger-Congo,wals
baha1258,Greater West Bomberai,wals
bena1264,Trans-New Guinea,wals
chit1275,Indo-European,wals
beng1280,Indo-European,wals
beot1247,Beothuk,wals
bert1248,Berta,wals
dalo1238,Niger-Congo,wals
tazn1238,Afro-Asiatic,wals
bang1368,Austronesian,wals
bagr1243,Indo-European,wals
bang1363,Bangime,wals
bhil1251,Indo-European,wals
bahi1254,Sepik,wals
bidi1241,Afro-Asiatic,wals
bing1248,Central Sudanic,wals
bilu1245,Solomons East Papuan,wals
bima1247,Austronesian,wals
naii1241,Kwomtari,wals
bero1242,Niger-Congo,wals
biss1248,Mande,wals
bisu1246,Sino-Tibetan,wals
bett1235,Dravidian,wals
baka1277,Cariban,wals
brok1247,Indo-European,wals
west2368,Indo-European,wals
baou1238,Niger-Congo,wals
bala1310,Austronesian,wals
kaci1244,Eastern Sudanic,wals
nucl1695,Afro-Asiatic,wals
balt1258,Sino-Tibetan,wals
luba1249,Niger-Congo,wals
bilo1248,Siouan,wals
nija1241,Pama-Nyungan,wals
bala1300,Niger-Congo,wals
cent2194,Afro-Asiatic,wals
bimo1239,Niger-Congo,wals
buru1306,Trans-New Guinea,wals
tumz1238,Afro-Asiatic,wals
bana1307,Arauan,wals
buna1275,Bunuban,wals
band1352,Mande,wals
band1339,Pama-Nyungan,wals
bang1339,Pama-Nyungan,wals
binu1245,Trans-New Guinea,wals
waim1255,Tucanoan,wals
beng1286,Mande,wals
bant1286,Austronesian,wals
bani1254,Arawakan,wals
kuni1265,Trans-New Guinea,wals
boik1241,Sepik,wals
boko1266,Mande,wals
boli1255,Niger-Congo,wals
bong1291,Trans-New Guinea,wals
bosn1245,Indo-European,wals
taga1278,Afro-Asiatic,wals
tiey1235,Mande,wals
basq1248,Basque,wals
basq1248,Basque,wals
basq1248,Basque,wals
basq1248,Basque,wals
basq1248,Basque,wals
basq1248,Basque,wals
basq1248,Basque,wals
basq1248,Basque,wals
basq1248,Basque,wals
basq1248,Basque,wals
baat1238,Niger-Congo,wals
beri1254,Tor-Kwerba,wals
lowa1242,Sino-Tibetan,wals
wara1302,Skou,wals
bera1259,Niger-Congo,wals
baru1267,Trans-New Guinea,wals
brit1235,other,wals
basq1250,Basque,wals
basq1248,Basque,wals
bass1258,Niger-Congo,wals
bath1244,Afro-Asiatic,wals
beto1236,Betoi,wals
buli1255,Austronesian,wals
kwas1243,Niger-Congo,wals
bulg1262,Indo-European,wals
buru1296,Burushaski,wals
mong1330,Altaic,wals
buli1254,Niger-Congo,wals
band1339,Pama-Nyungan,wals
bayu1240,Pama-Nyungan,wals
bais1246,Afro-Asiatic,wals
band1339,Pama-Nyungan,wals
cadd1256,Caddoan,wals
suri1267,Eastern Sudanic,wals
cams1241,Camsá,wals
cand1248,Candoshi,wals
cash1251,Pano-Tacanan,wals
barb1263,Chumash,wals
choc1279,Oto-Manguean,wals
coma1246,Oto-Manguean,wals
tutu1242,Na-Dene,wals
coco1261,Hokan,wals
swam1239,Algic,wals
chic1271,Mayan,wals
moch1256,Niger-Congo,wals
cham1313,Ramu-Lower Sepik,wals
chau1259,Sino-Tibetan,wals
seba1251,Afro-Asiatic,wals
chim1301,Hokan,wals
chan1310,Sino-Tibetan,wals
high1242,Hokan,wals
chay1248,Cahuapanan,wals
nyan1308,Niger-Congo,wals
luba1249,Niger-Congo,wals
chic1272,Oto-Manguean,wals
wasc1239,Penutian,wals
clal1241,Salishan,wals
cola1237,Pama-Nyungan,wals
leal1235,Oto-Manguean,wals
chul1246,Altaic,wals
come1251,Hokan,wals
chem1251,Uto-Aztecan,wals
chim1310,Chimakuan,wals
taba1266,Mayan,wals
ramk1239,Macro-Ge,wals
kana1291,Katukinan,wals
coah1252,Coahuiltecan,wals
cofa1242,Cofán,wals
chor1273,Mayan,wals
chol1282,Mayan,wals
maor1244,Niger-Congo,wals
rums1243,Penutian,wals
ashe1273,Arawakan,wals
pala1351,Oto-Manguean,wals
chip1262,Uru-Chipaya,wals
chru1239,Austronesian,wals
cari1279,Cariban,wals
corn1251,Indo-European,wals
cara1272,Tucanoan,wals
carr1249,Na-Dene,wals
chor1274,Matacoan,wals
usil1237,Oto-Manguean,wals
cash1254,Pano-Tacanan,wals
jola1262,Niger-Congo,wals
chin1283,other,wals
cuic1234,Oto-Manguean,wals
tepe1279,Oto-Manguean,wals
chit1248,Chitimacha,wals
timo1237,Timote-Cuica,wals
cuib1242,Guahiban,wals
chum1261,Niger-Congo,wals
cuit1236,Cuitlatec,wals
chav1241,other,wals
chua1250,Trans-New Guinea,wals
cayu1261,Iroquoian,wals
cayu1262,Cayuvava,wals
daga1275,Trans-New Guinea,wals
dako1258,Siouan,wals
dann1241,Mande,wals
dato1239,Eastern Sudanic,wals
dayy1236,Niger-Congo,wals
tait1250,Niger-Congo,wals
dhuw1249,Pama-Nyungan,wals
darf1239,Eastern Sudanic,wals
godi1239,Niger-Congo,wals
donn1239,Dogon,wals
deni1241,Arauan,wals
shua1254,Khoe-Kwadi,wals
deor1238,Sino-Tibetan,wals
sout2789,Niger-Congo,wals
germ1281,other,wals
dogr1250,Indo-European,wals
dong1290,Niger-Congo,wals
dege1248,Na-Dene,wals
dhiv1236,Indo-European,wals
dhal1245,Pama-Nyungan,wals
dhur1239,Pama-Nyungan,wals
didi1258,Eastern Sudanic,wals
kumi1248,Hokan,wals
dink1262,Eastern Sudanic,wals
jola1263,Niger-Congo,wals
dyaa1242,Pama-Nyungan,wals
duma1253,Niger-Congo,wals
ding1239,Niger-Congo,wals
lowe1415,Trans-New Guinea,wals
dang1274,Afro-Asiatic,wals
bwel1238,Niger-Congo,wals
dolg1241,Altaic,wals
doma1258,Indo-European,wals
dout1240,Lakes Plain,wals
doya1240,Niger-Congo,wals
dari1249,Indo-European,wals
toro1252,Dogon,wals
gaww1239,Afro-Asiatic,wals
huns1239,Niger-Congo,wals
vani1248,Skou,wals
duna1248,Duna-Bogaya,wals
zeeu1238,Indo-European,wals
djim1235,Niger-Congo,wals
ebir1243,Niger-Congo,wals
edol1239,Trans-New Guinea,wals
efik1245,Niger-Congo,wals
enge1239,Niger-Congo,wals
ejag1239,Niger-Congo,wals
else1239,Morwap,wals
emer1243,Tupian,wals
emba1238,Austronesian,wals
enga1252,Trans-New Guinea,wals
enet1250,Uralic,wals
engg1245,Austronesian,wals
enya1247,Niger-Congo,wals
atac1235,Tacame,wals
esse1238,Esselen,wals
yekh1238,Niger-Congo,wals
angl1262,Niger-Congo,wals
ewon1239,Niger-Congo,wals
fasu1242,Trans-New Guinea,wals
west2454,Niger-Congo,wals
east2288,Indo-European,wals
west2519,Austronesian,wals
lipt1238,Niger-Congo,wals
nort2626,Indo-European,wals
mesk1242,Algic,wals
ford1242,Austronesian,wals
adam1253,Niger-Congo,wals
fuln1247,Fulniô,wals
mind1253,Sino-Tibetan,wals
fyam1238,Niger-Congo,wals
gaga1251,Gaagudju,wals
scot1245,Indo-European,wals
alek1238,Trans-New Guinea,wals
apuc1241,Great Andamanese,wals
bava1246,Indo-European,wals
gavi1246,Tupian,wals
bava1246,Indo-European,wals
gbay1287,Niger-Congo,wals
uppe1455,other,wals
swis1247,Indo-European,wals
stan1295,Indo-European,wals
sout2785,Niger-Congo,wals
cypr1249,Indo-European,wals
gudu1252,Afro-Asiatic,wals
godi1239,Niger-Congo,wals
guad1242,other,wals
gads1258,Trans-New Guinea,wals
stan1295,Indo-European,wals
guia1246,other,wals
guga1239,Pama-Nyungan,wals
stan1295,Indo-European,wals
ghot1243,Niger-Congo,wals
cond1242,Pama-Nyungan,wals
gila1241,Indo-European,wals
gula1265,Niger-Congo,wals
gitx1241,Tsimshianic,wals
guri1247,Pama-Nyungan,wals
guaj1255,Tupian,wals
puel1244,Chonan,wals
dhan1270,Pama-Nyungan,wals
stan1295,Indo-European,wals
gami1243,Pama-Nyungan,wals
guma1253,Pama-Nyungan,wals
guan1268,Mascoian,wals
guja1253,Indo-European,wals
goka1239,Niger-Congo,wals
swis1247,Indo-European,wals
swis1247,Indo-European,wals
tunu1234,Eskimo-Aleut,wals
gura1252,Mangrida,wals
gour1243,Niger-Congo,wals
kols1241,Indo-European,wals
garu1246,Trans-New Guinea,wals
goro1259,Austronesian,wals
gree1271,other,wals
swis1247,Indo-European,wals
stan1295,Indo-European,wals
stan1295,Indo-European,wals
guat1253,Guató,wals
guer1240,Niger-Congo,wals
gupa1247,Pama-Nyungan,wals
guja1252,Indo-European,wals
gula1266,Central Sudanic,wals
cari1279,Cariban,wals
gunn1250,Niger-Congo,wals
bava1246,Indo-European,wals
west2356,Indo-European,wals
tyap1238,Niger-Congo,wals
guay1257,Guahiban,wals
swis1247,Indo-European,wals
hadz1240,Hadza,wals
haid1248,Haida,wals
hamt1247,Trans-New Guinea,wals
hemb1242,Niger-Congo,wals
cari1279,Cariban,wals
hong1241,other,wals
halb1244,Indo-European,wals
hmar1241,Sino-Tibetan,wals
hmon1333,Hmong-Mien,wals
hmon1264,Hmong-Mien,wals
nupo1240,Witotoan,wals
hund1239,Niger-Congo,wals
hanu1241,Austronesian,wals
minn1241,Sino-Tibetan,wals
hopi1249,Uto-Aztecan,wals
hree1244,Austro-Asiatic,wals
hara1271,Afro-Asiatic,wals
hars1241,Afro-Asiatic,wals
hais1244,Wakashan,wals
hupa1239,Na-Dene,wals
sanm1287,Huavean,wals
hawa1247,other,wals
haya1250,Niger-Congo,wals
asho1236,Sino-Tibetan,wals
iauu1242,Lakes Plain,wals
icel1236,other,wals
teke1274,Niger-Congo,wals
bata1298,Austronesian,wals
iged1239,Niger-Congo,wals
ihaa1241,Greater West Bomberai,wals
izon1238,Ijoid,wals
stin1234,Austronesian,wals
cari1277,Eskimo-Aleut,wals
east2534,Eskimo-Aleut,wals
nort2943,Eskimo-Aleut,wals
indi1237,other,wals
paki1242,other,wals
east2534,Eskimo-Aleut,wals
iris1235,other,wals
iran1263,Iranxe,wals
isek1239,Niger-Congo,wals
ishk1246,Indo-European,wals
inte1259,other,wals
isok1239,Niger-Congo,wals
isra1236,other,wals
emil1241,Indo-European,wals
itel1242,Chukotko-Kamchatkan,wals
ligu1248,Indo-European,wals
neap1235,Indo-European,wals
iton1250,Itonama,wals
piem1238,Indo-European,wals
itaw1240,Austronesian,wals
ixca1245,Oto-Manguean,wals
ixil1251,Mayan,wals
izie1238,Niger-Congo,wals
jadd1243,Sino-Tibetan,wals
izer1241,Niger-Congo,wals
jebe1250,Cahuapanan,wals
jeri1242,Mande,wals
jeme1245,Kiowa-Tanoan,wals
jiar1240,Sino-Tibetan,wals
sheh1240,Afro-Asiatic,wals
jino1236,Sino-Tibetan,wals
luwo1239,Eastern Sudanic,wals
east2800,Arauan,wals
rang1266,Sino-Tibetan,wals
talo1250,Kordofanian,wals
japr1238,Cariban,wals
juru1256,Tupian,wals
jara1245,South Andamanese,wals
tase1235,Sino-Tibetan,wals
juma1249,Tupian,wals
jurc1239,Altaic,wals
jara1276,Arauan,wals
karo1305,Tupian,wals
kach1279,Sino-Tibetan,wals
kadu1257,Kadu,wals
kaki1249,Tate,wals
kome1238,Austronesian,wals
kaia1245,Ramu-Lower Sepik,wals
kala1373,Indo-European,wals
kela1255,Austronesian,wals
kate1253,Trans-New Guinea,wals
kaiw1246,Tupian,wals
kaza1248,Altaic,wals
inpu1234,Sino-Tibetan,wals
kaba1276,Indo-European,wals
kane1243,Saharan,wals
bwek1238,Sino-Tibetan,wals
kabi1261,Niger-Congo,wals
kond1295,Dravidian,wals
kari1312,Pano-Tacanan,wals
kadi1248,Guaicuruan,wals
coas1294,Austronesian,wals
keii1239,Austronesian,wals
kekc1242,Mayan,wals
umal1238,Austronesian,wals
kewa1250,Trans-New Guinea,wals
krio1252,other,wals
kirg1245,Altaic,wals
nucl1379,Niger-Congo,wals
wame1240,Niger-Congo,wals
kago1247,Niger-Congo,wals
copp1244,Eskimo-Aleut,wals
kirg1245,Altaic,wals
khun1259,Tai-Kadai,wals
khow1242,Indo-European,wals
kick1244,Algic,wals
kire1240,Ramu-Lower Sepik,wals
kitj1240,Jarrakan,wals
luba1250,Niger-Congo,wals
kiny1244,Niger-Congo,wals
cerm1238,Niger-Congo,wals
kiss1245,Niger-Congo,wals
kits1249,Caddoan,wals
kuii1253,Greater West Bomberai,wals
nort2641,Indo-European,wals
coas1295,Austronesian,wals
konk1269,Niger-Congo,wals
beng1239,other,wals
kura1250,Mande,wals
kara1467,Altaic,wals
kiri1256,Lakes Plain,wals
kara1289,Karankawa,wals
kukn1238,Indo-European,wals
klao1243,Niger-Congo,wals
kala1372,Indo-European,wals
ledo1238,Austronesian,wals
kuoo1238,Niger-Congo,wals
klam1254,Penutian,wals
wers1238,Greater West Bomberai,wals
kala1397,Trans-New Guinea,wals
shah1254,Indo-European,wals
kela1258,Austronesian,wals
kili1268,Hokan,wals
kama1373,Tupian,wals
ndei1235,Trans-New Guinea,wals
west2420,Sino-Tibetan,wals
kami1256,Niger-Congo,wals
kara1483,Eastern Sudanic,wals
kalm1244,Altaic,wals
kama1351,Uralic,wals
kemt1242,Nimboran,wals
kamu1258,Eastern Daly,wals
badi1247,Yam,wals
konn1242,Niger-Congo,wals
kuna1268,Kunama,wals
kano1245,Kapixana,wals
ngka1235,Yam,wals
krio1252,other,wals
koas1236,Muskogean,wals
kohu1244,Niger-Congo,wals
kokb1239,Sino-Tibetan,wals
komo1258,Koman,wals
winy1241,Niger-Congo,wals
kpan1246,Niger-Congo,wals
libe1247,Mande,wals
ikpo1238,Niger-Congo,wals
pwoe1235,Sino-Tibetan,wals
kara1465,Altaic,wals
krah1246,Macro-Ge,wals
kari1255,Kariri,wals
karo1304,Hokan,wals
kare1335,Uralic,wals
kara1464,Altaic,wals
kora1292,Khoe-Kwadi,wals
kere1280,Chukotko-Kamchatkan,wals
kara1474,Nakh-Daghestanian,wals
kory1246,Chukotko-Kamchatkan,wals
east1472,Keresan,wals
kash1280,Hokan,wals
keny1241,other,wals
kase1253,Niger-Congo,wals
kisa1266,Austronesian,wals
sout2778,Niger-Congo,wals
kash1274,Indo-European,wals
kitu1246,other,wals
katc1250,Kadu,wals
kete1252,Niger-Congo,wals
gwic1235,Na-Dene,wals
sout2940,Trans-New Guinea,wals
katl1237,Kordofanian,wals
kath1253,Penutian,wals
kete1254,Trans-New Guinea,wals
kato1244,Na-Dene,wals
mala1480,Austronesian,wals
kott1239,Yeniseian,wals
nucl1297,Austro-Asiatic,wals
khan1273,Uralic,wals
kati1270,Indo-European,wals
sema1269,Austronesian,wals
bari1284,Eastern Sudanic,wals
kuma1273,Indo-European,wals
kuot1243,Kuot,wals
kumy1244,Altaic,wals
kusu1250,Kusunda,wals
kute1249,Kutenai,wals
kuuk1238,Pama-Nyungan,wals
teng1267,Austronesian,wals
kwak1269,Wakashan,wals
kwaa1269,Afro-Asiatic,wals
kwan1273,Niger-Congo,wals
yomb1244,Niger-Congo,wals
kwaz1243,Kwaza,wals
keny1279,Niger-Congo,wals
kyak1244,Trans-New Guinea,wals
krym1236,Altaic,wals
koyu1237,Na-Dene,wals
kany1247,Niger-Congo,wals
kaya1330,Macro-Ge,wals
kayt1238,Pama-Nyungan,wals
kaya1329,Tupian,wals
laal1242,Laal,wals
laca1243,Mayan,wals
lada1244,Sino-Tibetan,wals
lafo1243,Kordofanian,wals
peve1243,Afro-Asiatic,wals
lara1258,Darwin Region,wals
lavu1241,Solomons East Papuan,wals
ladi1250,Indo-European,wals
ngel1238,Niger-Congo,wals
leco1242,Leko,wals
nort2627,Indo-European,wals
jord1238,other,wals
port1277,other,wals
laha1250,Tai-Kadai,wals
lhom1239,Sino-Tibetan,wals
ital1275,other,wals
lisu1250,Sino-Tibetan,wals
lauj1238,Austronesian,wals
lakk1238,Tai-Kadai,wals
lako1247,Siouan,wals
lamu1254,Pama-Nyungan,wals
lele1264,Niger-Congo,wals
lamb1271,Niger-Congo,wals
lamp1243,Austronesian,wals
leng1262,Mascoian,wals
leni1238,Pama-Nyungan,wals
ladi1251,Indo-European,wals
lamn1239,Niger-Congo,wals
lobi1245,Niger-Congo,wals
loko1255,Mande,wals
lari1255,Austronesian,wals
arge1236,other,wals
braz1236,other,wals
span1263,other,wals
fren1243,other,wals
queb1245,other,wals
luuu1242,Tai-Kadai,wals
niel1243,Niger-Congo,wals
lule1238,Lule,wals
stra1244,Salishan,wals
lung1248,Sino-Tibetan,wals
nort2645,Indo-European,wals
luxe1241,Indo-European,wals
luyi1234,Niger-Congo,wals
lyel1241,Niger-Congo,wals
made1252,Niger-Congo,wals
east2352,Sino-Tibetan,wals
maka1318,Wakashan,wals
mari1435,Trans-New Guinea,wals
west2500,Mande,wals
maib1239,Maybrat,wals
maza1293,Oto-Manguean,wals
mbab1239,Pama-Nyungan,wals
mber1257,Niger-Congo,wals
mbug1240,Afro-Asiatic,wals
mbum1254,Niger-Congo,wals
mbee1250,Niger-Congo,wals
maca1260,Matacoan,wals
moch1259,Mochica,wals
mich1243,Algic,wals
coat1238,Mixe-Zoque,wals
mori1278,other,wals
mada1293,Afro-Asiatic,wals
mudb1240,Pama-Nyungan,wals
west2443,Pama-Nyungan,wals
mand1446,Siouan,wals
gbay1281,Niger-Congo,wals
mbos1242,Niger-Congo,wals
mada1282,Niger-Congo,wals
mehr1241,Afro-Asiatic,wals
mani1292,Sino-Tibetan,wals
cent2101,Austronesian,wals
mane1266,Border,wals
meno1252,Algic,wals
mong1342,Austronesian,wals
tuuu1240,Altaic,wals
mung1266,Niger-Congo,wals
ming1252,Kartvelian,wals
mang1398,Central Sudanic,wals
mohe1244,Algic,wals
misi1242,Sino-Tibetan,wals
besi1244,Austro-Asiatic,wals
miis1236,Eastern Sudanic,wals
mitu1240,Niger-Congo,wals
jami1235,Oto-Manguean,wals
sanj1281,Oto-Manguean,wals
mand1419,Niger-Congo,wals
maho1249,Mande,wals
coas1301,Penutian,wals
kham1281,Altaic,wals
maka1316,Greater West Bomberai,wals
makl1246,Bulaka River,wals
mank1251,Niger-Congo,wals
muku1242,Afro-Asiatic,wals
ngem1255,Niger-Congo,wals
arua1260,Ramu-Lower Sepik,wals
maku1246,Máku,wals
mala1533,other,wals
mola1238,Penutian,wals
east2328,Uralic,wals
mamp1244,Niger-Congo,wals
mama1276,Austronesian,wals
manc1252,Altaic,wals
moni1261,Trans-New Guinea,wals
many1256,Pama-Nyungan,wals
east2426,Mande,wals
mand1442,Austronesian,wals
mans1258,Uralic,wals
ment1249,Austronesian,wals
mina1269,Austronesian,wals
manx1243,Indo-European,wals
shek1244,Afro-Asiatic,wals
mofu1248,Afro-Asiatic,wals
mogh1245,Altaic,wals
moha1256,Hokan,wals
mold1248,Indo-European,wals
moss1236,Niger-Congo,wals
mose1249,Mosetenan,wals
moru1253,Central Sudanic,wals
movi1243,Movima,wals
myen1241,Niger-Congo,wals
mpur1239,Mpur,wals
mapo1246,Cariban,wals
guad1242,other,wals
momu1241,Trans-New Guinea,wals
moro1289,Moraori,wals
ngad1258,Pama-Nyungan,wals
muri1260,Ramu-Lower Sepik,wals
mari1419,Western Daly,wals
muns1251,Algic,wals
misi1242,Sino-Tibetan,wals
ngil1242,Kordofanian,wals
nucl1440,Maban,wals
tlah1239,Mixe-Zoque,wals
bari1297,Chibchan,wals
matt1238,Na-Dene,wals
kuma1274,Dravidian,wals
toto1305,Mixe-Zoque,wals
mati1255,Pano-Tacanan,wals
wamp1249,Algic,wals
makh1261,Niger-Congo,wals
mund1327,Niger-Congo,wals
seba1251,Afro-Asiatic,wals
muin1242,Boran,wals
mula1253,Tai-Kadai,wals
muon1246,Austro-Asiatic,wals
murs1242,Eastern Sudanic,wals
sout2986,Penutian,wals
mart1256,Pama-Nyungan,wals
mawc1242,Indo-European,wals
lake1258,Penutian,wals
nort2968,Penutian,wals
plai1259,Penutian,wals
atat1238,Oto-Manguean,wals
sanm1296,Oto-Manguean,wals
pino1237,Oto-Manguean,wals
sanp1259,Oto-Manguean,wals
ocot1243,Oto-Manguean,wals
peno1244,Oto-Manguean,wals
sila1250,Oto-Manguean,wals
ayut1236,Oto-Manguean,wals
chay1249,Oto-Manguean,wals
tlah1239,Mixe-Zoque,wals
yoso1239,Oto-Manguean,wals
coat1241,Oto-Manguean,wals
maya1282,Austronesian,wals
chiq1250,Oto-Manguean,wals
huau1238,Oto-Manguean,wals
maza1291,Indo-European,wals
nafa1258,Niger-Congo,wals
yale1246,Yale,wals
niha1238,Nahali,wals
lish1246,Afro-Asiatic,wals
nara1262,Eastern Sudanic,wals
natc1249,Natchez,wals
dong1288,Eastern Sudanic,wals
ghul1238,Eastern Sudanic,wals
nyam1277,Niger-Congo,wals
ntch1242,Niger-Congo,wals
nand1264,Niger-Congo,wals
ndon1254,Niger-Congo,wals
west2519,Austronesian,wals
ndut1239,Niger-Congo,wals
ndum1239,Niger-Congo,wals
ndyu1242,other,wals
dutc1253,other,wals
nene1251,Uralic,wals
neyo1238,Niger-Congo,wals
ngad1261,Austronesian,wals
ngem1255,Niger-Congo,wals
nang1259,Southern Daly,wals
ngad1258,Pama-Nyungan,wals
nang1259,Southern Daly,wals
ngal1293,Gunwinyguan,wals
ngon1269,Niger-Congo,wals
ngaw1240,Pama-Nyungan,wals
ngar1235,Pama-Nyungan,wals
ngiz1242,Afro-Asiatic,wals
cent2132,Uto-Aztecan,wals
huas1257,Uto-Aztecan,wals
poch1244,Uto-Aztecan,wals
nias1242,Austronesian,wals
ning1273,Torricelli,wals
diti1235,Wakashan,wals
nkem1242,Niger-Congo,wals
naka1260,Mangrida,wals
nkon1245,Niger-Congo,wals
kenu1243,Eastern Sudanic,wals
ngar1296,Pama-Nyungan,wals
ngar1287,Pama-Nyungan,wals
nyam1271,Pama-Nyungan,wals
maon1238,Sino-Tibetan,wals
nyan1304,Niger-Congo,wals
nank1250,Trans-New Guinea,wals
nort2784,Niger-Congo,wals
nant1249,Algic,wals
nobi1240,Eastern Sudanic,wals
noga1249,Altaic,wals
noga1249,Altaic,wals
norw1258,Indo-European,wals
narp1239,Sino-Tibetan,wals
nige1257,other,wals
naga1394,other,wals
napu1241,Austronesian,wals
nane1238,Niger-Congo,wals
naro1249,Khoe-Kwadi,wals
nask1242,Algic,wals
nise1244,Penutian,wals
assy1241,Afro-Asiatic,wals
norw1255,other,wals
nate1242,Niger-Congo,wals
ntom1248,Niger-Congo,wals
nung1290,Gunwinyguan,wals
nuka1242,Cacua-Nukak,wals
nung1283,Tai-Kadai,wals
nyan1313,Eastern Sudanic,wals
nyih1240,Niger-Congo,wals
tukp1239,Sino-Tibetan,wals
nyam1276,Niger-Congo,wals
newz1236,other,wals
ogbr1243,Niger-Congo,wals
obol1243,Niger-Congo,wals
ocai1244,Witotoan,wals
atzi1235,Oto-Manguean,wals
ogbi1239,Niger-Congo,wals
oyyy1238,Austro-Asiatic,wals
ixte1237,Oto-Manguean,wals
east2542,Algic,wals
adiv1239,Indo-European,wals
ngaj1237,Austronesian,wals
omag1248,Tupian,wals
onei1249,Iroquoian,wals
molm1235,Torricelli,wals
onoo1246,Trans-New Guinea,wals
emai1241,Niger-Congo,wals
orej1242,Tucanoan,wals
east2652,Afro-Asiatic,wals
orig1235,Kordofanian,wals
ormu1247,Indo-European,wals
waat1238,Afro-Asiatic,wals
osag1243,Siouan,wals
osse1243,Indo-European,wals
iowa1245,Siouan,wals
west2721,Afro-Asiatic,wals
owin1240,Left May,wals
pado1242,Austronesian,wals
paez1247,Páezan,wals
paka1251,Pama-Nyungan,wals
sout2999,Oto-Manguean,wals
papi1253,other,wals
pari1256,Eastern Sudanic,wals
paum1247,Arauan,wals
pawa1255,Teberan-Pawaian,wals
poqo1253,Mayan,wals
folo1238,Teberan-Pawaian,wals
pero1241,Afro-Asiatic,wals
pwon1235,Sino-Tibetan,wals
piar1243,Sáliban,wals
asue1235,Trans-New Guinea,wals
pitj1243,Pama-Nyungan,wals
poqo1254,Mayan,wals
play1240,Guahiban,wals
pola1255,Indo-European,wals
ngaj1237,Austronesian,wals
palo1243,Niger-Congo,wals
cent2138,Hokan,wals
nort2966,Hokan,wals
fwai1237,Austronesian,wals
park1239,Afro-Asiatic,wals
pogo1243,Niger-Congo,wals
rawo1244,Skou,wals
pota1247,Algic,wals
powh1243,Algic,wals
pira1253,Mura,wals
prin1242,other,wals
pira1254,Tucanoan,wals
cent1973,Indo-European,wals
sanj1285,Oto-Manguean,wals
plai1235,other,wals
male1292,Algic,wals
sout2982,Hokan,wals
coyo1236,Oto-Manguean,wals
patw1250,Penutian,wals
puin1248,Puinave,wals
pumi1242,Sino-Tibetan,wals
wadj1254,Wandjiginy,wals
puqu1242,Puquina,wals
sout2969,Uto-Aztecan,wals
chiq1249,Quechuan,wals
boli1262,Quechuan,wals
caja1238,Quechuan,wals
sout2991,Quechuan,wals
qian1264,Sino-Tibetan,wals
quec1382,Hokan,wals
sipa1247,Mayan,wals
ralt1242,Sino-Tibetan,wals
raoo1244,Ramu-Lower Sepik,wals
balk1252,Indo-European,wals
rawa1265,Sino-Tibetan,wals
sint1235,Indo-European,wals
balk1252,Indo-European,wals
kjac1234,other,wals
reja1240,Austronesian,wals
rong1268,Niger-Congo,wals
zbua1234,Sino-Tibetan,wals
vlax1238,Indo-European,wals
vlax1238,Indo-European,wals
remb1249,Gunwinyguan,wals
rund1242,Niger-Congo,wals
balt1257,Indo-European,wals
roma1327,Indo-European,wals
balk1252,Indo-European,wals
shug1248,Indo-European,wals
russ1255,other,wals
wels1246,Indo-European,wals
saba1265,Austronesian,wals
saek1240,Tai-Kadai,wals
sahu1245,North Halmaheran,wals
sali1253,Hokan,wals
sang1328,Niger-Congo,wals
saho1246,Afro-Asiatic,wals
kapr1245,Sepik,wals
savi1242,Indo-European,wals
sayu1241,Mixe-Zoque,wals
sali1298,Sáliban,wals
stra1244,Salishan,wals
sind1272,Indo-European,wals
sand1273,Sandawe,wals
kups1238,Eastern Sudanic,wals
seco1241,Tucanoan,wals
nucl1396,Niger-Congo,wals
seri1257,Hokan,wals
sese1246,other,wals
song1303,Niger-Congo,wals
seng1278,Niger-Congo,wals
sang1336,Austronesian,wals
stra1244,Salishan,wals
sang1333,Niger-Congo,wals
shan1277,Tai-Kadai,wals
shab1252,Shabo,wals
sher1255,Sino-Tibetan,wals
shar1245,Pano-Tacanan,wals
shat1244,Eastern Sudanic,wals
shus1248,Salishan,wals
east2337,Altaic,wals
sian1257,Trans-New Guinea,wals
sika1262,Austronesian,wals
dars1235,Eastern Sudanic,wals
sime1241,Austronesian,wals
sius1254,Oregon Coast,wals
kild1236,Uralic,wals
sikk1242,Sino-Tibetan,wals
nucl1634,Skou,wals
selk1253,Uralic,wals
sika1263,Lakes Plain,wals
shek1243,Indo-European,wals
slav1253,Na-Dene,wals
sali1295,Austronesian,wals
sulu1241,Sino-Tibetan,wals
sala1264,Altaic,wals
sema1269,Austronesian,wals
siam1242,Siamou,wals
shom1245,Shompen,wals
umat1237,Penutian,wals
shin1264,Indo-European,wals
ceba1235,Niger-Congo,wals
sinh1246,Indo-European,wals
kist1241,Afro-Asiatic,wals
stra1244,Salishan,wals
soqo1240,Afro-Asiatic,wals
uppe1395,Indo-European,wals
stan1288,Indo-European,wals
stan1288,Indo-European,wals
spit1240,Sino-Tibetan,wals
spok1245,Salishan,wals
sout2965,Salishan,wals
squa1248,Salishan,wals
sran1240,other,wals
sorb1249,Indo-European,wals
lowe1385,Indo-European,wals
kore1273,other,wals
stra1244,Salishan,wals
stra1244,Salishan,wals
stie1250,Austro-Asiatic,wals
pedi1238,Niger-Congo,wals
ston1242,Siouan,wals
subi1246,Niger-Congo,wals
assa1269,Eastern Sudanic,wals
suii1243,Tai-Kadai,wals
suki1245,Trans-New Guinea,wals
sulk1246,Sulka,wals
svan1243,Kartvelian,wals
kash1274,Indo-European,wals
slov1269,Indo-European,wals
savo1255,Solomons East Papuan,wals
swed1236,other,wals
sawa1247,Austronesian,wals
swat1243,Niger-Congo,wals
west2402,Altaic,wals
taca1256,Pano-Tacanan,wals
taji1245,Indo-European,wals
tali1258,Niger-Congo,wals
nucl1696,Afro-Asiatic,wals
taia1239,Taiap,wals
tach1250,Afro-Asiatic,wals
tayo1238,other,wals
taly1247,Indo-European,wals
sina1271,Trans-New Guinea,wals
tigr1270,Afro-Asiatic,wals
tabl1243,Sentanic,wals
taba1259,Nakh-Daghestanian,wals
toba1266,Austronesian,wals
tebu1238,Saharan,wals
taab1238,Niger-Congo,wals
seke1240,Sino-Tibetan,wals
hueh1236,Totonacan,wals
temm1241,Niger-Congo,wals
tlac1235,Totonacan,wals
teso1249,Eastern Sudanic,wals
tete1250,Niger-Congo,wals
tewa1260,Kiowa-Tanoan,wals
khor1269,Altaic,wals
kula1280,Greater West Bomberai,wals
tigr1270,Afro-Asiatic,wals
thom1243,Salishan,wals
thay1248,Pama-Nyungan,wals
thai1240,other,wals
tehi1237,West Bird's Head,wals
tifa1245,Trans-New Guinea,wals
tigr1271,Afro-Asiatic,wals
till1254,Salishan,wals
tiwi1244,Tiwian,wals
kumi1248,Hokan,wals
take1257,Takelma,wals
teke1280,Niger-Congo,wals
noga1249,Altaic,wals
tala1285,Austronesian,wals
tlin1245,Na-Dene,wals
acat1239,Oto-Manguean,wals
shah1254,Indo-European,wals
timu1245,Timucua,wals
tama1336,Kayagar,wals
tuma1260,Afro-Asiatic,wals
nucl1339,Eastern Sudanic,wals
tamp1252,Niger-Congo,wals
musl1236,Indo-European,wals
tana1290,Na-Dene,wals
tind1238,Nakh-Daghestanian,wals
tina1246,Sino-Tibetan,wals
tana1289,Na-Dene,wals
lowe1425,Na-Dene,wals
tond1251,Austronesian,wals
tont1239,Austronesian,wals
toba1269,Guaicuruan,wals
stod1241,Sino-Tibetan,wals
kara1462,Altaic,wals
taro1263,Niger-Congo,wals
tonk1249,Tonkawa,wals
oyst1235,Tasmanian,wals
tupu1244,Niger-Congo,wals
tapi1253,Tupian,wals
chic1273,Oto-Manguean,wals
tora1261,Austronesian,wals
tewa1260,Kiowa-Tanoan,wals
suri1267,Eastern Sudanic,wals
tere1279,Arawakan,wals
nort2920,Trans-New Guinea,wals
trum1247,Trumai,wals
torw1241,Indo-European,wals
tsak1249,Nakh-Daghestanian,wals
uabm1237,Austronesian,wals
nucl1649,Tsimshianic,wals
tewa1260,Kiowa-Tanoan,wals
tanz1238,other,wals
taus1253,Taushiro,wals
tute1247,Siouan,wals
take1255,Indo-European,wals
tatu1247,Tucanoan,wals
tuam1242,Austronesian,wals
tuba1279,Uto-Aztecan,wals
turk1288,other,wals
tuni1252,Tunica,wals
nort2941,Na-Dene,wals
tuyu1244,Tucanoan,wals
tuts1235,Sino-Tibetan,wals
nort1550,Kiowa-Tanoan,wals
sout2961,Kiowa-Tanoan,wals
khor1269,Altaic,wals
xico1235,Totonacan,wals
tyar1236,Northern Daly,wals
tzel1254,Mayan,wals
tzel1254,Mayan,wals
taiw1241,other,wals
tzot1259,Mayan,wals
tzel1254,Mayan,wals
tzut1248,Mayan,wals
udmu1245,Uralic,wals
ugan1238,other,wals
uppe1438,Na-Dene,wals
wuzl1236,Afro-Asiatic,wals
umpi1239,Pama-Nyungan,wals
cari1279,Cariban,wals
unam1242,Algic,wals
urdu1245,Indo-European,wals
urho1239,Niger-Congo,wals
urub1250,Tupian,wals
urum1249,Altaic,wals
urar1246,Urarina,wals
urat1244,Torricelli,wals
urub1243,other,wals
usar1243,Trans-New Guinea,wals
utee1244,Uto-Aztecan,wals
uigh1240,Altaic,wals
uzbe1247,Altaic,wals
vafs1240,Indo-European,wals
vagl1239,Niger-Congo,wals
vaii1241,Mande,wals
vasa1239,Indo-European,wals
lako1244,Niger-Congo,wals
vedd1240,Indo-European,wals
vend1245,Niger-Congo,wals
vili1238,Niger-Congo,wals
kari1304,Pama-Nyungan,wals
vlaa1235,other,wals
wage1238,Wagiman,wals
wahg1249,Trans-New Guinea,wals
wakh1245,Indo-European,wals
valm1241,Torricelli,wals
waor1240,Waorani,wals
wash1253,Washo,wals
waya1270,Tupian,wals
wich1264,Matacoan,wals
pitj1243,Pama-Nyungan,wals
west2443,Pama-Nyungan,wals
wang1290,Pama-Nyungan,wals
waig1243,Indo-European,wals
wich1260,Caddoan,wals
wiyo1248,Algic,wals
waka1274,Pama-Nyungan,wals
weme1239,Niger-Congo,wals
wikn1245,Pama-Nyungan,wals
hoch1243,Siouan,wals
want1252,Trans-New Guinea,wals
weno1238,Niger-Congo,wals
woga1249,Sepik,wals
kama1365,Greater West Bomberai,wals
womo1238,Skou,wals
wara1303,Warao,wals
warr1257,Pama-Nyungan,wals
wand1263,Mangarrayi-Maran,wals
wari1266,Border,wals
wara1290,Gunwinyguan,wals
wata1253,Ramu-Lower Sepik,wals
waam1244,Niger-Congo,wals
xamm1241,Tu,wals
xaas1235,Mande,wals
komb1272,Torricelli,wals
xere1240,Macro-Ge,wals
kana1283,Sino-Tibetan,wals
kung1261,Kxa,wals
yama1264,Yámana,wals
yana1271,Hokan,wals
yazg1240,Indo-European,wals
yamb1251,Niger-Congo,wals
east2295,Indo-European,wals
east2295,Indo-European,wals
east2295,Indo-European,wals
yeii1239,Yam,wals
yele1255,Yele,wals
yemb1246,Niger-Congo,wals
diii1241,Niger-Congo,wals
yagn1238,Indo-European,wals
yaga1260,Trans-New Guinea,wals
yill1241,Torricelli,wals
jirj1239,Pama-Nyungan,wals
sout2750,Yukaghir,wals
yulp1238,Pama-Nyungan,wals
angg1239,Trans-New Guinea,wals
yelm1242,Bulaka River,wals
east2295,Indo-European,wals
yamd1240,Austronesian,wals
nauk1242,Eskimo-Aleut,wals
yans1239,Niger-Congo,wals
yoru1245,Niger-Congo,wals
yaqa1246,Trans-New Guinea,wals
yura1255,Yuracare,wals
yuru1243,Yurimangí,wals
pume1238,Yaruro,wals
yuru1263,Tucanoan,wals
sire1246,Eskimo-Aleut,wals
cent2128,Eskimo-Aleut,wals
noga1249,Altaic,wals
yuch1247,Yuchi,wals
yugh1239,Yeniseian,wals
nucl1427,Central Sudanic,wals
cent2128,Eskimo-Aleut,wals
gami1243,Pama-Nyungan,wals
isth1244,Oto-Manguean,wals
mitl1236,Oto-Manguean,wals
diml1238,Indo-European,wals
chim1300,Mixe-Zoque,wals
zena1248,Afro-Asiatic,wals
guib1245,Tai-Kadai,wals
zima1244,Trans-New Guinea,wals
sout3005,Oto-Manguean,wals
copa1236,Mixe-Zoque,wals
ostu1241,Mixe-Zoque,wals
rayo1235,Mixe-Zoque,wals
texm1235,Oto-Manguean,wals
zuni1245,Zuni,wals
